batch_id,match_id,naive,lpo,perturber_share,volume,timing
1,3894529,0.361215828643793,-0.16826306645964406,0.2,30,strategic
2,3894529,0.556836207309545,0.1557319760852303,0.2463768115942029,18,late
3,3894529,0.41291024742685123,0.2693944081183253,0.10596026490066225,65,strategic
4,3894529,0.20926605440265295,-0.014880905677723802,0.16666666666666666,53,regular
5,3894529,0.3102041721242296,-0.11368292268870195,0.12692307692307692,55,late
6,3894530,-0.15394784224396757,-0.2592664358894414,0.03153153153153153,46,regular
7,3894530,0.016741012679740975,-0.1270487735479021,0.0625,38,regular
9,3894530,-0.5046405711988515,-0.5906802583846587,0.07526881720430108,44,regular
10,3894530,0.27473477058535106,0.17965466035527095,0.16911764705882354,21,late
12,3894531,0.06336044168835975,-0.29621487025751936,0.14788732394366197,34,strategic
13,3894531,0.18471661278343024,-0.03933496085100852,0.03571428571428571,20,late
14,3894531,0.11674648452984937,-0.013351028023097703,0.10919540229885058,41,strategic
15,3894531,0.10919051264896414,-0.2267674478746912,0.20987654320987653,31,regular
16,3894531,7.927718307833877e-17,-0.22160523525224338,0.044642857142857144,20,late
17,3894532,0.397859611586048,-0.0388102098178464,0.125,33,regular
19,3894532,0.17222436681552167,-0.2504734445018405,0.21774193548387097,25,strategic
20,3894532,0.3788216389130799,-0.11248166300024122,0.2465753424657534,36,strategic
22,3894533,-0.12871484612056536,-0.45740370212553666,0.08695652173913043,23,strategic
23,3894533,0.5511726808070321,-0.06296636171318236,0.31343283582089554,29,regular
27,3894534,0.05692066791346408,-0.16633391202985345,0.056451612903225805,58,strategic
28,3894534,0.4696799065973809,0.07626907673173947,0.22641509433962265,43,regular
29,3894534,0.5480545506839674,0.05905941928381872,0.07339449541284404,48,late
30,3894534,0.5624091426062273,0.16613218543635985,0.20481927710843373,35,regular
33,3894535,0.2189701840402359,0.051383499553870796,0.08196721311475409,23,strategic
34,3894535,0.09536873578392963,-0.09847441078000028,0.08571428571428572,19,regular
37,3894535,0.19454711194804952,-0.3713460389760442,0.14968152866242038,56,strategic
39,3894536,0.30787964730433803,0.07179848586315114,0.2236842105263158,18,regular
40,3894536,0.37141581723281686,0.10402266535249037,0.1196319018404908,74,strategic
41,3894536,0.16418911519259802,-0.34986837257916353,0.13101604278074866,86,regular
42,3894536,0.5692218036893508,0.22701971489925013,0.15294117647058825,85,late
43,3894537,0.6467995966579951,0.26994858946119543,0.15384615384615385,29,strategic
44,3894537,0.2980705155410152,-0.06762952608954895,0.1111111111111111,29,regular
47,3894537,-0.06339090775939286,-0.14824601756956599,0.0641025641025641,65,strategic
48,3894537,0.24820611832219303,0.10349175191630752,0.0963302752293578,45,regular
49,3894537,0.3163125622968526,0.08394850915658651,0.19852941176470587,46,late
51,3894538,0.36562620987321887,-0.03895047979574462,0.2850877192982456,42,strategic
52,3894538,0.5939600191078086,0.07468176393134819,0.14963503649635038,57,regular
53,3894538,-0.18185753468410268,-0.4031999602766557,0.1484375,63,regular
54,3894538,0.4812255909280035,-0.20885004300324345,0.16037735849056603,53,regular
55,3894538,0.37393631611145745,0.10516578222730254,0.21337579617834396,73,late
56,3894539,0.5236208973789851,0.17812465963308302,0.07627118644067797,52,strategic
57,3894539,-0.03483631672600854,-0.10717857206146905,0.08152173913043478,27,regular
58,3894539,0.06844629007424706,-0.07531572628001929,0.06862745098039216,18,late
59,3894539,0.30128048808622343,0.04084317905162613,0.09090909090909091,67,strategic
60,3894539,0.18270957642528593,0.11919954754880817,0.02054794520547945,25,regular
61,3894539,0.5576602835022755,0.17254436370537596,0.17857142857142858,19,late
62,3894540,0.04550776403677636,-0.1862207437223007,0.19444444444444445,48,regular
63,3894540,0.2689255502512127,0.03278196272996699,0.1326530612244898,41,regular
64,3894540,0.22211728946307346,0.04932899346220047,0.11363636363636363,50,late
65,3894540,0.39447058093590714,0.18422102419765424,0.13218390804597702,35,strategic
66,3894540,-0.009944588983496674,-0.15372632139030404,0.028735632183908046,43,regular
67,3894540,-0.011292283955309455,-0.3280472177933802,0.05909090909090909,26,regular
68,3894541,0.2750344060511054,-0.09718111314402536,0.1732283464566929,63,regular
69,3894541,0.2290593061313052,-0.3396997619612076,0.1565217391304348,55,late
71,3894541,0.45413175548153417,-0.032472325076971446,0.11290322580645161,14,regular
73,3894542,0.5794348671084912,0.09759531172185464,0.213768115942029,65,regular
74,3894542,0.4567815076021218,0.1709318324131532,0.0945945945945946,45,late
76,3894542,0.3518643451079641,0.14699458528625703,0.07024793388429752,42,strategic
77,3894542,-0.02842397726374442,-0.2871918579392113,0.1388888888888889,56,regular
79,3894543,0.15228300668164552,0.08384105066453319,0.0661764705882353,28,regular
82,3894543,0.2154379309910505,-0.08862059184769945,0.11627906976744186,14,strategic
83,3894543,-0.013099062926556165,0.07594632491572424,0.0967741935483871,13,regular
84,3894544,-0.003989101358080718,-0.19164729125596908,0.07236842105263158,27,strategic
87,3894544,0.2616449859525602,0.10529559478764294,0.09740259740259741,31,regular
89,3894545,-0.1312838419757505,-0.2894493507950286,0.109375,36,strategic
90,3894545,0.09679242681563571,-0.25929444598362056,0.21052631578947367,49,regular
91,3894545,0.2590991470872658,-0.2733827195090773,0.15163934426229508,57,late
92,3894545,0.016650436628887124,-0.45469678973092365,0.08333333333333333,39,regular
93,3894545,0.1541636927987523,-0.13977126500247705,0.21287128712871287,41,regular
95,3894546,0.47774161028253204,-0.07239474316937533,0.22058823529411764,11,regular
97,3894546,0.09945064893840608,-0.3571445995368717,0.11935483870967742,73,strategic
100,3894547,0.42895799821002806,0.050251890762960605,0.09574468085106383,11,regular
101,3894547,0.504383889588366,0.2091183613982315,0.23809523809523808,10,late
103,3894547,0.22786369542191773,-0.12005917974926539,0.0797872340425532,26,strategic
104,3894547,0.0841027903125244,-0.24288394487348705,0.07718120805369127,60,strategic
105,3894547,0.6187198316289495,0.4079833165323828,0.184,40,regular
106,3894548,0.4583767013538272,0.29067141316792605,0.17222222222222222,42,regular
107,3894548,0.21227630628209826,-0.11921563835263019,0.1791044776119403,20,late
109,3894548,0.5367217361948398,0.07036983409872,0.06451612903225806,28,regular
110,3894548,0.2851843619504996,0.06746829398213908,0.2421875,29,late
112,3894549,0.2973427144118202,0.22797048299479636,0.15060240963855423,41,regular
113,3894549,0.5435743478621593,0.4845418699555617,0.24096385542168675,37,regular
114,3894549,0.3945116843138229,-0.05770995510477002,0.20666666666666667,66,strategic
116,3894549,0.2543586439384818,0.12748292181921775,0.08653846153846154,35,regular
118,3894550,0.3010243261438613,0.16249299297082478,0.04639175257731959,18,strategic
119,3894550,0.1609786728551807,-0.18644998998738904,0.08235294117647059,25,strategic
120,3894550,0.7338881314425127,0.22473765548340238,0.21428571428571427,19,regular
122,3894550,0.019125404151705983,-0.023699432296489128,0.13636363636363635,43,regular
124,3894551,0.6843920188479243,-0.04357259248099222,0.10666666666666667,36,regular
125,3894551,-0.02556379790700496,-0.2687891656618119,0.07228915662650602,36,regular
127,3894551,0.3283677528297668,0.13135571734484697,0.15816326530612246,45,strategic
128,3894551,0.24496812195397527,0.01693134419798444,0.14049586776859505,31,regular
129,3894552,0.4879668309410457,0.35283276939136543,0.17424242424242425,29,strategic
130,3894552,0.5356500379270974,0.09163411493919531,0.176056338028169,34,regular
131,3894552,0.6774959850460196,0.5178399249128437,0.11805555555555555,19,late
135,3894553,0.558216309798876,-0.06431177078112418,0.203125,31,regular
136,3894553,0.24466210688094958,0.07421894661892435,0.14035087719298245,26,regular
138,3894553,0.5637229699193841,0.4591665380559087,0.17543859649122806,47,strategic
139,3894553,0.40324176578120685,-0.05368798208601791,0.11711711711711711,48,regular
140,3894553,0.45772033679579427,-0.045384601832350276,0.14864864864864866,62,regular
141,3894554,0.7351291807277256,0.6252644305637359,0.13513513513513514,33,regular
142,3894554,0.3141221452510202,-0.14571638655065788,0.23214285714285715,53,regular
143,3894554,0.13913884001163082,-0.023425578580783944,0.05785123966942149,54,late
144,3894555,0.6020009944278152,0.5472422809579675,0.09444444444444444,38,strategic
145,3894555,0.12946244864856807,-0.044647086948105257,0.01875,33,regular
146,3894555,0.3688342944900955,0.005475466863769325,0.2,17,late
148,3894555,-0.01826205871421012,-0.14511602601400916,0.07407407407407407,46,regular
149,3894555,0.11979659663767638,-0.04323100549813128,0.05825242718446602,50,regular
151,3894556,0.49537059324078897,0.15142657655864683,0.11746987951807229,81,strategic
152,3894556,0.34282125922339235,0.16895605566469987,0.08582089552238806,55,strategic
153,3894556,0.2583384543896793,-0.03905061972384084,0.06338028169014084,57,regular
155,3894556,0.7284853330109815,0.5901798708657813,0.3142857142857143,15,regular
157,3894557,0.23232535191743506,0.029521300152593095,0.0625,13,regular
160,3894557,0.3058447352439945,-0.01086707791184397,0.2872340425531915,22,regular
163,3894558,0.26279041062802444,0.14067969687761675,0.1258741258741259,43,strategic
164,3894558,0.23828551401399636,0.08514564625620263,0.11764705882352941,84,regular
165,3894558,0.20705951288023808,-0.05183009622120983,0.051515151515151514,80,regular
167,3894558,0.8387343025971142,0.22739460715610593,0.46153846153846156,19,regular
168,3894558,0.31326447449614564,0.09267030948228229,0.029850746268656716,15,late
170,3894559,0.3993564240052538,-0.013231403100624078,0.05952380952380952,14,regular
171,3894559,0.46327095220249026,0.08929293848305621,0.21774193548387097,21,late
172,3894559,0.30988665970492363,0.20873961128806282,0.08064516129032258,12,late
173,3894559,0.26224941983000755,-0.03744380064565383,0.2222222222222222,21,regular
174,3894559,0.2727299170093913,-0.19515276915740895,0.16666666666666666,27,late
175,3894560,0.026115585559658788,-0.025367518668103987,0.14759036144578314,66,strategic
176,3894560,0.6201630879870187,0.5509525209543273,0.13953488372093023,55,late
178,3894560,0.40598553808177973,0.2055362677627248,0.26811594202898553,25,strategic
179,3894560,0.40553555840343236,-0.09580730163862644,0.125,15,regular
180,3894560,0.617176572562089,0.02401123861891227,0.18333333333333332,20,late
181,3894561,0.6397487531635654,0.34146146116114395,0.28214285714285714,59,strategic
182,3894561,0.290072263597324,-0.007063614173053638,0.15625,48,late
184,3894561,0.6271431656215937,0.4894563482551058,0.08163265306122448,13,strategic
185,3894561,0.5797548980761578,0.18280750757349773,0.21875,13,regular
187,3894562,0.3759676866449481,0.23180022278587675,0.05357142857142857,20,regular
188,3894562,0.3274491496428901,0.11760051613380429,0.14583333333333334,14,regular
190,3894562,0.3592894953578288,-0.3271694971009278,0.20955882352941177,56,strategic
191,3894562,0.5357051069443935,-0.0007978100068998573,0.08270676691729323,53,strategic
192,3894562,0.03928475794411718,-0.10023763000573899,0.04032258064516129,58,regular
193,3894563,0.2146202195239852,-0.30328925487986097,0.26506024096385544,28,regular
195,3894563,-0.026974655998111073,-0.22621201459548085,0.109375,39,strategic
196,3894563,0.41593230297755746,0.048695857698227006,0.15306122448979592,42,late
198,3894564,0.45568170838318717,0.13637996813803285,0.24503311258278146,57,strategic
199,3894564,0.2528417309656204,0.10558936889386672,0.0975609756097561,31,regular
201,3894564,0.3236676041377405,0.20738722359963818,0.10555555555555556,25,strategic
202,3894564,0.0735087423944452,-0.18987182703015817,0.2608695652173913,34,regular
203,3894564,0.38022556424322096,0.17424444636984968,0.13157894736842105,55,late
204,3894565,0.37178352830666506,0.0009705340681171053,0.21241830065359477,66,strategic
205,3894565,0.17240030406871446,-0.0580596216907034,0.06818181818181818,74,strategic
206,3894565,0.3820758558095036,0.27066274890415676,0.15346534653465346,34,regular
207,3894565,0.39743217077729026,0.20290026723719082,0.07920792079207921,33,regular
208,3894565,0.4701637841493723,0.255009948461454,0.20220588235294118,66,strategic
209,3894565,0.29979493959733244,0.16963240061671636,0.064,54,late
211,3894566,0.02389786571406322,-0.09180795303000523,0.05217391304347826,32,regular
214,3894566,0.16651062380533319,0.07541644442465699,0.027906976744186046,72,strategic
215,3894566,0.5650663703055092,0.452064307471741,0.21929824561403508,20,regular
218,3894567,0.08319571967677754,-0.39898162445143814,0.2468354430379747,54,strategic
219,3894567,0.29556764098582183,0.16451346171420345,0.08490566037735849,50,regular
221,3894567,0.24225531479399257,-0.007915357626250542,0.24561403508771928,48,strategic
222,3894567,0.042427940945085625,0.006994783371827784,0.09813084112149532,49,regular
223,3894567,-0.14490398069105773,-0.13681439652148306,0.07327586206896551,57,regular
224,3894568,0.41255634107254996,-0.1378491033591155,0.11290322580645161,13,strategic
225,3894568,0.14039042995429263,7.769338837758674e-18,0.125,13,strategic
226,3894568,0.039331062559871253,-0.11812606607196063,0.32857142857142857,12,late
228,3894568,0.5701613343523436,-0.11341932724791576,0.3229166666666667,89,strategic
229,3894568,0.1730167437114768,0.014449650954099448,0.21393034825870647,71,regular
230,3894568,0.2508128531702293,0.04941388713582317,0.11235955056179775,62,late
231,3894569,0.4297618871939694,0.1885141036430467,0.13297872340425532,41,regular
232,3894569,0.3857965115557683,0.14093843682435223,0.17272727272727273,47,regular
233,3894569,0.3560660642815844,-0.013158578308965049,0.2261904761904762,35,late
234,3894569,0.17848074277191484,-0.12259544962507664,0.21,24,strategic
235,3894569,0.07132310644477526,-0.2522851093812668,0.2111111111111111,15,late
236,3894570,0.3142212797660914,-0.01859797413636395,0.3358208955223881,25,strategic
237,3894570,0.005129704806001046,-0.36320540994448386,0.08695652173913043,32,late
239,3894570,0.4662889136629494,0.09752154019967099,0.18548387096774194,31,regular
240,3894570,0.4569589284003748,0.2538860275486439,0.16666666666666666,21,late
242,3894571,-0.03617873026462107,-0.22329878404364453,0.029069767441860465,42,regular
243,3894571,0.3664922101500002,0.145330658250999,0.125,36,late
245,3894571,0.5231016558421058,-0.018166692756258217,0.18452380952380953,27,regular
247,3894572,0.5293559812711657,0.1556169160577632,0.2742857142857143,67,regular
248,3894572,0.23943722861242256,-0.09629071103946958,0.21678321678321677,55,regular
249,3894572,0.5839526860908016,0.2514742317561326,0.1043956043956044,28,strategic
250,3894572,0.530573782038413,-0.030614128373950347,0.34765625,61,regular
251,3894573,-0.46148526502619625,-0.7207475224652509,0.1686046511627907,43,regular
252,3894573,0.17396373222539072,-0.15837572937321168,0.12345679012345678,36,regular
254,3894573,0.18733123134300245,-0.14123515108739623,0.09550561797752809,43,regular
255,3894573,0.5300437810542503,0.28418913059883205,0.20833333333333334,24,late
258,3894574,0.3522587254734895,0.07513674633127766,0.21428571428571427,44,regular
260,3894574,0.11387563324601017,-0.34625539744030076,0.17222222222222222,36,strategic
261,3894574,0.35752314993328327,0.11995319003367227,0.08333333333333333,25,regular
263,3894575,0.41497050598004354,0.3059681525021323,0.04477611940298507,38,regular
264,3894575,0.3467802309305684,-0.12698239358960198,0.1678832116788321,41,regular
266,3894575,0.09096504103843113,-0.4655203386944113,0.2777777777777778,37,strategic
267,3894575,0.12977092791783976,-0.02904832998814973,0.059322033898305086,23,regular
271,3894576,0.5051436470553907,-0.4360835174129523,0.24596774193548387,57,strategic
272,3894576,0.3201695867280012,-0.043097106963790634,0.23355263157894737,67,strategic
273,3894577,0.11713191154417975,-0.03253925617243902,0.20930232558139536,36,regular
274,3894577,0.315849424108689,0.0082535224884527,0.08415841584158416,28,regular
276,3894577,0.42321609998676785,0.1625735385188517,0.1118421052631579,38,regular
277,3894577,0.3443282540049982,0.08110900302539675,0.16037735849056603,17,regular
279,3894578,-0.26468364203389283,-0.09923012872490232,0.11242603550295859,71,regular
281,3894578,0.5806675572027248,-0.009424533335730713,0.19724770642201836,52,regular
282,3894578,0.6395208266189355,0.15595760018914515,0.06770833333333333,46,regular
284,3894579,0.21878550329266566,0.1418356159297294,0.13218390804597702,40,strategic
285,3894579,0.43012322386982693,0.16116263440423884,0.13218390804597702,30,regular
286,3894579,0.6910582081043197,-0.26722803293298186,0.21348314606741572,35,regular
287,3894579,0.238913846343745,-0.013465192581654323,0.06363636363636363,24,strategic
288,3894579,0.2783223580203908,0.04748875266504473,0.22,56,regular
289,3894579,0.5281052383586137,0.22391004962996564,0.2421875,50,late
290,3894580,0.42415933120051896,0.013466404275902847,0.12698412698412698,29,regular
291,3894580,0.4381005629379137,0.14728797361081727,0.1276595744680851,23,late
293,3894580,-0.4363327652882112,-0.6202723203057191,0.21889400921658986,108,strategic
294,3894580,0.24184918705316477,-0.4331597524437628,0.13725490196078433,96,strategic
295,3894580,0.292757372347146,-0.2015686463233339,0.1043956043956044,86,regular
296,3894581,0.1713478861032959,-0.02170548428932075,0.14035087719298245,45,strategic
297,3894581,0.25497048867992345,0.12311089995098566,0.11235955056179775,27,regular
298,3894581,0.324170373569652,0.2247332874877474,0.08196721311475409,23,late
300,3894581,0.11763023351327506,-0.02366261692974874,0.07386363636363637,87,strategic
301,3894581,0.5691330150851808,-0.02468512590674486,0.29573170731707316,69,strategic
302,3894581,0.6342747287417665,-0.07579136166948061,0.1794871794871795,59,regular
303,3894582,0.4146998582108712,0.06632170483898304,0.19672131147540983,22,regular
308,3894583,0.5833298553304002,0.31077039630117814,0.2523364485981308,38,strategic
309,3894583,-0.027092271405591735,0.10725446880086607,0.09734513274336283,53,regular
310,3894583,0.5417186898555827,-0.0018932453215547852,0.2833333333333333,12,regular
311,3894583,0.5046334717332708,0.07392080704568715,0.19230769230769232,17,late
312,3894584,0.37431184562693753,0.09290774548484515,0.0784313725490196,37,strategic
313,3894584,0.3191065720554879,0.15078929434013927,0.07017543859649122,19,strategic
314,3894584,0.5970437498466431,0.3563846864790259,0.15217391304347827,21,regular
316,3894584,0.17309563307518736,-0.17486912267101903,0.1619718309859155,30,regular
317,3894584,0.22271615754604826,-0.03888343609965354,0.25903614457831325,38,regular
318,3894584,0.21627182559600502,0.048692969275402835,0.05232558139534884,40,late
319,3894585,0.3623776347681157,0.023395413544786536,0.140625,25,strategic
320,3894585,-0.019236019029690563,-0.45980086057738745,0.12121212121212122,31,regular
322,3894585,0.4701071332348624,0.17710190248935684,0.09154929577464789,32,regular
323,3894585,0.20202589040810381,-0.09856647234579043,0.12121212121212122,19,regular
325,3894586,0.4068120340298032,0.0740772422152799,0.07608695652173914,60,strategic
326,3894586,-0.025232269207651644,-0.20085170699269747,0.11176470588235295,27,regular
328,3894586,0.32781874453008164,0.22552148733792096,0.11,24,strategic
329,3894586,0.7178854425083149,0.42553142819809997,0.31690140845070425,15,regular
332,3894587,0.21267768012824015,0.14375631755511534,0.09411764705882353,34,late
334,3894587,0.8033454743702558,0.607319963940869,0.31746031746031744,27,regular
336,3894588,0.061231487955943784,-0.2411722886320265,0.0635593220338983,59,strategic
337,3894588,0.6085652341782936,0.4996795548406204,0.33214285714285713,59,strategic
339,3894588,0.5563914352026953,0.5224692027045131,0.1792452830188679,22,regular
340,3894588,-0.4613112474873312,-0.6517636680283284,0.08771929824561403,25,regular
342,3894589,-0.23100882962579455,-0.3508962882793221,0.09574468085106383,28,strategic
343,3894589,0.0410564712480901,0.05115670277155614,0.11607142857142858,26,regular
344,3894589,0.2706072863901023,0.0595843591724218,0.0875,14,late
346,3894589,0.14501399491470773,-0.0373731000138499,0.11711711711711711,53,regular
347,3894589,0.6213279893729666,0.3737709155872009,0.27358490566037735,53,late
349,3894590,0.6828836081235794,0.5674696331519103,0.03608247422680412,42,regular
350,3894590,0.3547099444515679,0.12065538313430159,0.2441860465116279,42,regular
352,3894590,0.2641127611827663,0.031318683861580446,0.12337662337662338,25,regular
353,3894590,0.7017677900244083,0.5729796248956098,0.06547619047619048,30,regular
354,3894591,0.5571783548109462,0.27446901639255145,0.27,22,regular
355,3894591,0.13268315596545946,0.049669465981498184,0.0423728813559322,21,regular
357,3894591,0.2743444479342226,0.09092130212036591,0.11061946902654868,56,regular
358,3894591,0.3478871055993358,0.054598112336208884,0.13709677419354838,51,regular
359,3894591,0.00958301313222017,-0.14048718711296881,0.07009345794392523,40,regular
361,3894592,0.44384893810500015,-0.2486960497612758,0.1875,31,strategic
362,3894592,-0.634591353208512,-0.6461217520261183,0.14285714285714285,16,regular
363,3894592,0.5354692079713577,0.1439973657521148,0.24315068493150685,69,regular
364,3894592,-0.029045937336171047,-0.08837379483570662,0.12931034482758622,51,late
366,3894593,-0.021682640611014277,-0.1270423894140207,0.007407407407407408,60,strategic
367,3894593,0.5328146670996453,0.04988083417659272,0.1590909090909091,72,regular
368,3894593,0.2326949966994998,0.0975126573742786,0.1576923076923077,55,late
369,3894593,0.29198870128685955,-0.13725310546899505,0.23170731707317074,13,regular
371,3894594,0.07923313021426141,-0.4360963668414145,0.09917355371900827,54,strategic
372,3894594,0.42091676798420624,0.13270728761079803,0.20202020202020202,45,regular
373,3894594,0.3085289154453037,-0.040256719771422846,0.1875,59,late
374,3894594,0.6013848710849562,0.4707245160631658,0.2457627118644068,14,regular
375,3894594,0.45325993307192936,0.24933865381623305,0.25,30,regular
376,3894595,0.6641112674441128,0.4309392131533599,0.08,37,strategic
377,3894595,0.18107388213647668,0.14521446528560047,0.03488372093023256,40,regular
379,3894595,0.30148958587212793,-0.16100599207972313,0.22123893805309736,55,strategic
380,3894595,0.5981304981370361,0.2952916454327715,0.14682539682539683,58,late
384,3894596,0.3734272382858935,0.013429581408788898,0.09482758620689655,21,regular
385,3894596,0.46004737525996414,-0.26056351699125957,0.2932098765432099,44,strategic
386,3894596,0.18667878906264068,-0.04871727172268991,0.2515151515151515,47,strategic
387,3894597,0.5953410151843752,0.38848678012318794,0.2135678391959799,98,strategic
388,3894597,0.07063684763151516,-0.23386755819199556,0.07568807339449542,85,strategic
389,3894597,0.34312954778707466,0.10411825600541678,0.2857142857142857,113,late
390,3894597,0.5499361287671556,0.11687522755062922,0.17333333333333334,70,strategic
391,3894597,0.3614081282417572,0.008670533386360996,0.21893491124260356,80,regular
392,3894598,0.4704872669387152,0.29458989390379575,0.1702127659574468,65,regular
393,3894598,0.3247721384817875,0.12904726950979406,0.12992125984251968,54,regular
395,3894598,-0.049841624312916104,-0.2932129553913031,0.05555555555555555,21,strategic
396,3894598,0.2907128438834986,0.03489825651341031,0.21212121212121213,29,regular
398,3894599,0.48213452144483554,0.14869219733292535,0.12844036697247707,44,strategic
399,3894599,0.4472901785376408,-0.14780538792073358,0.12890625,48,regular
400,3894599,0.48583491928402295,0.44009182010575254,0.054945054945054944,39,late
402,3894599,0.5637317904485755,0.13883218797250713,0.12053571428571429,46,strategic
403,3894599,0.2364439784891788,-0.11010443552788361,0.14885496183206107,58,strategic
404,3894599,0.49979580907635013,0.3157828801705356,0.1623931623931624,36,regular
406,3894600,-0.19153285189210462,-0.02508186301016036,0.09090909090909091,15,regular
407,3894600,0.2726523747899134,0.10430194536711103,0.12698412698412698,29,regular
409,3894600,0.01167233885616521,-0.07383856830089947,0.07065217391304347,37,regular
411,3894601,0.27425218012595953,0.01976978675477772,0.11538461538461539,16,strategic
412,3894601,0.252981447942524,0.021104731775258425,0.045454545454545456,20,late
413,3894601,0.6129360681085132,-0.2258159511213789,0.3958333333333333,31,strategic
414,3894601,0.007720068152296846,-0.12348208957179581,0.04807692307692308,26,regular
416,3894602,-0.13362806204600397,-0.6334733782446634,0.2857142857142857,52,strategic
417,3894602,0.27969292404866886,-0.22361438366924202,0.08984375,63,regular
418,3894602,0.15269873724643657,-0.3211116279526768,0.09,69,late
419,3894602,0.14049080198255795,-0.12466915823093425,0.2028985507246377,23,regular
421,3894603,0.13316771247215037,-0.0005890060837115854,0.18902439024390244,55,regular
422,3894603,0.30312545463310486,0.2233354644116435,0.17287234042553193,88,late
423,3894603,0.2556315262642349,0.20434617814482517,0.1590909090909091,13,regular
425,3894604,0.1918594189900215,-0.01762317504236181,0.17857142857142858,41,strategic
427,3894604,0.47514884258756296,0.27385465585001445,0.0514018691588785,42,strategic
428,3894604,0.19809696822264414,0.06181708342521822,0.07211538461538461,35,regular
429,3894604,0.07748178441559814,-0.22377259187430537,0.24096385542168675,37,regular
430,3894604,0.429955839604482,0.11862067750066112,0.12650602409638553,33,regular
431,3894605,0.6044278416937858,0.1467136445955262,0.3620689655172414,41,strategic
432,3894605,0.2643562415616472,0.054656027098433875,0.27702702702702703,37,late
433,3894605,0.2341826398290119,-0.09122573774887072,0.16071428571428573,24,regular
434,3894605,0.4317346463499677,0.2899275028247549,0.056338028169014086,27,regular
435,3894606,-0.11476011041569818,-0.4687089257108277,0.05319148936170213,50,strategic
436,3894606,0.5319520839390359,0.10688678646607648,0.10273972602739725,45,strategic
437,3894606,0.3567101112718681,-0.3595514560724976,0.11585365853658537,66,late
439,3894606,0.4057075902237588,0.13331268956185643,0.07211538461538461,36,regular
440,3894606,0.34868434417394467,0.05242676433290723,0.15517241379310345,35,regular
442,3894607,0.33552683068584493,0.0662783567766797,0.17123287671232876,58,strategic
444,3894607,0.47677907712793555,0.14419686940632273,0.20833333333333334,33,strategic
445,3894607,0.5051933357769182,0.4162927824814543,0.07291666666666667,10,strategic
447,3894608,0.5743777987746977,-0.044123557062169666,0.2591623036649215,90,strategic
448,3894608,-0.23292690947625092,-0.45732005029953315,0.1724137931034483,29,strategic
449,3894608,-0.04587721960356179,-0.3683103958716619,0.08870967741935484,29,regular
450,3894608,0.062026537761154694,-0.1033586082236956,0.032467532467532464,33,regular
451,3894609,0.5528032120580628,0.35943833206473474,0.1595744680851064,40,strategic
452,3894609,0.09340699036213444,-0.06182259218724703,0.25555555555555554,29,regular
454,3894609,0.49307196310255574,0.23724878322786927,0.12745098039215685,47,strategic
455,3894609,-0.23739810520972415,-0.5209409225526909,0.08558558558558559,44,regular
456,3894609,0.17964826206232973,0.0698783191759187,0.056179775280898875,33,regular
457,3894610,0.6051124439887711,0.43434039695650606,0.13302752293577982,44,strategic
458,3894610,-0.16177745700234603,-0.3509825253915587,0.12254901960784313,42,late
459,3894610,0.3582985020612883,0.15109336288937508,0.0891089108910891,50,late
460,3894610,0.6572827001718556,-0.026171196129510684,0.1375,15,strategic
461,3894610,0.07347975690780618,-0.2357378515260162,0.10638297872340426,22,regular
463,3894611,0.08780245812361376,-0.3896240485406174,0.14766839378238342,86,regular
464,3894611,0.4213965542599503,0.26382955331122565,0.15988372093023256,67,regular
466,3894611,0.30957331413487554,-0.14189467086949617,0.16477272727272727,26,regular
468,3894612,-0.13229889032311,-0.3641057770801626,0.07608695652173914,114,strategic
469,3894612,0.20438164450609897,-0.34519930662223014,0.12864077669902912,92,regular
470,3894612,0.0799956861108423,-0.10948618405975258,0.33,24,strategic
472,3894613,0.019585072548212054,-0.44684829895000766,0.22357723577235772,48,regular
474,3894613,0.3544418031319382,-0.1069486886002745,0.20786516853932585,40,regular
475,3894613,0.032220221942387675,-0.37174908991950484,0.09693877551020408,39,late
477,3894614,0.04272585284150314,-0.2460842269745642,0.11797752808988764,81,regular
479,3894614,0.48570058781677766,0.11412131118333507,0.275,14,regular
480,3894614,0.5667472998315581,0.03851716388411653,0.08536585365853659,18,regular
481,3894614,0.4172386696493872,0.11032884796642647,0.11538461538461539,18,late
482,3894615,0.3966474457543113,0.05782880504905046,0.2465753424657534,19,regular
483,3894615,0.5181632471383236,0.3343832152639724,0.05128205128205128,28,late
485,3894615,0.33322473836615835,0.25241560851413997,0.12582781456953643,25,strategic
486,3894615,0.08374341313678066,-0.08868445118173182,0.06989247311827956,67,regular
487,3894615,0.5736510186250456,0.3322194035486781,0.17567567567567569,51,regular
489,3894616,0.22209805435032007,-0.06413368001208222,0.06707317073170732,30,strategic
490,3894616,0.012034565969314143,-0.13119159450229192,0.24193548387096775,30,regular
491,3894616,0.5152158255053063,0.3419022223449547,0.03237410071942446,62,strategic
492,3894616,0.389386161882879,0.14330733241945837,0.1598360655737705,38,regular
493,3894616,0.26880450406397355,-0.10750763150677027,0.17117117117117117,38,regular
494,3894617,0.618002073091209,0.4480216599162794,0.19047619047619047,77,strategic
495,3894617,0.24659914055524626,0.04942900040719536,0.061452513966480445,89,late
498,3894617,-0.18170323254957044,-0.22661966894199673,0.20270270270270271,16,strategic
499,3894617,0.5309923230900133,0.051461685599538634,0.15,12,regular
500,3894618,0.4704960922362649,-0.03701792629461316,0.24233128834355827,74,regular
502,3894618,0.26174663235134715,-0.1168982458886301,0.16666666666666666,20,regular
503,3894618,0.18987476125885763,-0.0015151671677857523,0.21666666666666667,10,late
504,3894619,0.6169676327349538,0.541251502240633,0.2236842105263158,53,strategic
506,3894619,0.11129609321054108,-0.32802722836180787,0.06808510638297872,117,strategic
507,3894619,0.14154965310511256,-0.2689948421052911,0.23076923076923078,97,strategic
508,3894619,0.37169114848768936,-0.004426729859895148,0.11038961038961038,71,regular
509,3894620,0.7390923122427009,0.5437443233137759,0.2169811320754717,25,strategic
510,3894620,0.0323314426407181,-0.28547879169317836,0.24489795918367346,19,regular
511,3894620,-0.1701139506835555,-0.23115373138091155,0.16025641025641027,30,late
512,3894620,0.4442361654739916,0.1291566749551142,0.22265625,34,strategic
513,3894620,0.18893484162252028,-0.003948192245426889,0.13503649635036497,53,regular
514,3894621,0.11978415406013404,-0.04896526344520871,0.09162303664921466,89,regular
515,3894621,0.4349692325609891,0.4089703063159109,0.2195945945945946,45,regular
517,3894621,0.5815948840651171,0.018971552553697462,0.22857142857142856,33,strategic
518,3894621,0.43207128432700553,0.2801929258021426,0.11475409836065574,17,regular
520,3894622,-0.12184828093084778,-0.3824156730061131,0.06363636363636363,47,strategic
521,3894622,0.45324287782399647,0.09884995654868756,0.1981981981981982,48,strategic
522,3894622,0.06284046894652313,-0.3688794772338464,0.10952380952380952,34,regular
524,3894622,0.2160724873600195,-0.04276305081836892,0.15306122448979592,21,regular
525,3894622,0.228602380602931,-0.07349046621499766,0.09016393442622951,23,regular
527,3894623,0.345958120977775,0.08848719101133598,0.08737864077669903,41,regular
528,3894623,0.09448093785603219,-0.2664740696127918,0.05785123966942149,55,late
530,3894623,0.5025728068185787,0.03136448866391235,0.18584070796460178,37,regular
531,3894623,0.028012892572695156,-0.1474985262774692,0.04736842105263158,44,late
533,3894624,0.18071912883310431,-0.16822341531844853,0.10666666666666667,29,regular
534,3894624,0.626560413022889,0.2936383506703282,0.16822429906542055,39,late
536,3894624,0.3233435361002658,0.01591776455591047,0.12777777777777777,28,regular
539,3894625,0.10867496984865113,-0.009119963314543058,0.24025974025974026,38,regular
540,3894625,0.5425417134844118,0.12365972699400189,0.2074468085106383,43,late
541,3894625,-0.04573664809868898,-0.4234428917024391,0.267515923566879,61,strategic
543,3894626,-0.4685653440953782,-0.45134631243626755,0.05752212389380531,109,regular
544,3894626,-0.05604903983438297,-0.1924388807152045,0.14225941422594143,119,late
546,3894626,0.029821323944991162,-0.10775549877152624,0.11290322580645161,29,strategic
547,3894626,0.311294454706765,-0.10715199680148944,0.14432989690721648,23,regular
548,3894626,0.4121544861303129,-0.14942929406261218,0.13541666666666666,21,late
550,3894627,0.07688176281137289,-0.22774924554746584,0.09230769230769231,64,strategic
551,3894627,0.5450624962799488,0.07632374478205453,0.22137404580152673,60,regular
552,3894627,0.11677094615921449,0.12868744675039628,0.06944444444444445,54,regular
555,3894627,0.16259886864585746,-0.1439595609525985,0.1588235294117647,25,regular
556,3894627,0.41660741386216815,0.21240969504421514,0.1261682242990654,48,late
558,3894628,0.2239794445187153,-0.2710853433381443,0.14516129032258066,14,late
561,3894628,0.2086242153698288,-0.06203377944008037,0.1544943820224719,70,strategic
562,3894628,0.45290394768272013,-0.04334389569118786,0.20689655172413793,72,regular
565,3894629,0.41312066135337794,0.3368143737785803,0.12612612612612611,46,regular
566,3894629,0.3623720943610717,-0.011556526408444514,0.20673076923076922,15,regular
567,3894629,-0.08591833889883572,-0.2923947535545123,0.11224489795918367,66,strategic
568,3894629,0.23418437342162793,-0.12290758328142634,0.19631901840490798,76,regular
570,3894630,0.47930416599653425,-0.14938664163397578,0.1865671641791045,26,regular
572,3894630,0.3419510677380491,0.21725464373149317,0.045081967213114756,50,regular
573,3894630,0.016880694318574783,-0.2741655675622873,0.12313432835820895,49,late
574,3894631,0.2587783247839473,-0.10358743862303821,0.056179775280898875,42,regular
575,3894631,0.5005073552033584,0.09509643227122809,0.11538461538461539,29,regular
577,3894631,0.3444958399603948,-0.1292704845133312,0.21140939597315436,68,strategic
578,3894631,0.3827256982969054,-0.20593263575299847,0.20909090909090908,19,late
580,3894632,0.27810794060402055,0.050287279971730124,0.07086614173228346,62,strategic
581,3894632,-0.2585732361558243,-0.3751279823404224,0.036036036036036036,45,strategic
582,3894632,0.2876044998519389,0.1293018121621949,0.13306451612903225,49,regular
584,3894632,0.2847107407540622,0.078763265892644,0.1875,24,strategic
585,3894632,-0.03978473371769581,-0.29705672033280694,0.12631578947368421,29,regular
587,3894633,0.06909100245613324,-0.03324201052584066,0.06818181818181818,30,strategic
588,3894633,0.10517883609057359,-0.18725001271817174,0.2076923076923077,31,late
590,3894633,0.2969246021592113,-0.2961644657896688,0.25806451612903225,37,regular
591,3894633,0.2682379494224378,-0.05510610809971934,0.14285714285714285,27,late
593,3894634,0.11550656445098131,-0.07331148803134135,0.19736842105263158,57,strategic
594,3894634,0.23596333603370925,-0.2089947377785121,0.12719298245614036,57,regular
595,3894634,-0.050255001735353695,-0.24423964969321513,0.16393442622950818,46,late
596,3894634,0.23007730348141975,-0.12850483732810136,0.19827586206896552,22,strategic
597,3894634,0.25062320586590237,-0.01900941835341116,0.10493827160493827,29,regular
599,3894635,0.47963180864991506,0.3401751590716963,0.07476635514018691,51,strategic
600,3894635,0.35959861152544736,-0.0012400441324988336,0.2411764705882353,34,regular
601,3894635,0.14300330815932702,-0.028731473261100447,0.03529411764705882,22,regular
603,3894635,-0.24362878796176454,-0.4911494251274497,0.07575757575757576,108,strategic
604,3894635,-0.12284152579917973,-0.19903799223712976,0.1425233644859813,80,regular
605,3894635,0.5342671682542028,-0.09104814835588619,0.2206896551724138,72,late
606,3894636,-0.13218122919458736,-0.20292010448643683,0.09550561797752809,31,strategic
607,3894636,0.2302565139314405,-0.02753137485505021,0.12745098039215685,20,regular
608,3894636,0.6760552609314392,0.19720853202521013,0.23333333333333334,38,regular
609,3894636,0.19795189209878902,0.045701572069185945,0.11224489795918367,31,regular
610,3894636,0.2435626705009619,0.011177392555123525,0.0779816513761468,49,regular
611,3894637,0.10226631543626574,-0.22795362067745178,0.14285714285714285,45,strategic
612,3894637,0.26761220397738406,-0.03857951037414561,0.12727272727272726,38,regular
614,3894637,0.25131463023010825,-0.11514929315092068,0.17058823529411765,22,strategic
615,3894637,0.24273735006116742,-0.17734635257797218,0.084070796460177,49,regular
617,3894638,0.28549081219737116,0.054073807043587496,0.056818181818181816,18,strategic
618,3894638,0.3431587957263832,0.24282974952865352,0.13829787234042554,14,regular
620,3894638,0.24610950093540943,0.011703654193152738,0.21022727272727273,44,regular
623,3894639,0.34323689160047965,0.17446067353989775,0.09693877551020408,44,regular
624,3894639,0.2969939330371936,-0.06367895078554565,0.23780487804878048,39,regular
626,3894639,0.5801638587393656,-0.2506383429208993,0.27307692307692305,36,strategic
627,3894639,0.49561185813128966,0.11615230112200478,0.2147887323943662,64,regular
628,3894639,-0.20074350185025006,-0.4088014353970952,0.05327868852459016,50,late
629,3894640,0.004387496899960328,-0.15937252715545117,0.08050847457627118,50,regular
630,3894640,0.42800997705668087,0.20133620693979612,0.19583333333333333,59,regular
632,3894640,0.4741833439491622,-0.027544958131021084,0.18556701030927836,45,strategic
633,3894640,0.2873868327552066,-0.227322297946602,0.3058252427184466,51,regular
634,3894640,-0.33609734858461815,-0.5903967477829765,0.09313725490196079,41,late
635,3894641,0.1210050385632224,0.07805249089672348,0.06837606837606838,54,regular
636,3894641,0.5155008433226675,0.46145445380905464,0.08536585365853659,21,late
638,3894641,0.34475848817441634,0.1259102100573596,0.125,31,strategic
639,3894641,0.44489211177134796,0.3579681282622604,0.10144927536231885,30,regular
640,3894642,0.37466100840981886,0.023288539887681054,0.09848484848484848,29,strategic
643,3894642,0.3760145150779528,0.21722777244943983,0.11320754716981132,50,regular
644,3894642,0.3565511736947506,0.16176189043556513,0.08854166666666667,41,regular
646,3894643,0.3773708507948293,0.09259575888358705,0.0880281690140845,57,regular
648,3894643,0.24869536437546938,0.05372225484683609,0.26666666666666666,23,regular
651,3894644,0.33446610889811623,0.02141364033802541,0.10569105691056911,47,regular
652,3894644,0.221365220354664,-0.21136637507664738,0.16260162601626016,58,regular
654,3894644,0.5236772713585619,0.3822834819576772,0.20689655172413793,27,strategic
655,3894644,0.4154318873879005,-0.13757719163526272,0.125,25,regular
657,3894645,-0.038774125470043275,-0.39937432991959926,0.18032786885245902,29,regular
659,3894645,0.45048938694269064,0.12846742937798566,0.3277310924369748,59,regular
661,3894646,0.19117796251626,-0.02536481628712507,0.06934306569343066,62,strategic
662,3894646,0.1394522377306903,-0.3309299468223404,0.2195945945945946,55,regular
664,3894646,0.18588746998031022,-0.5326792182168236,0.13333333333333333,36,strategic
665,3894646,0.21670744348905904,0.01773449519055934,0.17261904761904762,36,strategic
666,3894646,0.08039216118367086,-0.2516740524668708,0.09036144578313253,32,regular
668,3894647,0.1599005372667078,4.941194886170643e-18,0.03125,19,strategic
669,3894647,0.5156918886443416,-0.05163655076585569,0.2125,17,regular
670,3894647,0.32928350045036014,-0.09406622473604288,0.25,13,late
671,3894647,0.28813312977798206,-0.23919555733234593,0.28174603174603174,60,strategic
672,3894647,0.05963796831485115,-0.2502906518983158,0.14102564102564102,67,regular
673,3894648,0.19393056334495407,-0.1778367576864457,0.13157894736842105,37,regular
675,3894648,0.32597024998004137,0.03349767822666675,0.17391304347826086,32,strategic
676,3894648,0.2869834153893936,-0.060322308206867174,0.25,12,regular
678,3894649,0.20145574100634508,-0.11213484223545997,0.07692307692307693,12,regular
679,3894649,0.545544725589981,0.10179808859411431,0.14772727272727273,13,late
681,3894649,-0.12674212976718147,-0.17383340057676228,0.07650273224043716,91,regular
682,3894649,-0.15181843584439966,-0.36659793123665413,0.1319796954314721,92,regular
683,3894649,-0.01711672120252919,-0.26796340694664494,0.14534883720930233,62,late
684,3894650,0.2610487827365708,-0.16309136729734064,0.18376068376068377,26,strategic
685,3894650,0.18928929106744372,-0.18619559829763996,0.23711340206185566,26,regular
686,3894650,0.21170548755790697,-0.08813634541585093,0.2411764705882353,36,regular
687,3894650,0.5611006126380266,0.11973522832543587,0.10135135135135136,36,late
689,3894651,0.4085624675037996,0.18815325687122433,0.12244897959183673,17,late
691,3894651,0.5011632500642826,0.15724220427874375,0.12601626016260162,61,strategic
692,3894651,0.4402065980596759,-0.0058601932247111434,0.2222222222222222,48,regular
693,3894651,-0.31890900667929006,-0.45539244915969485,0.17391304347826086,54,late
694,3894652,0.17219558230860818,-0.153053521417554,0.1282051282051282,31,strategic
696,3894652,0.4457510374738665,-0.1053739950286986,0.06756756756756757,23,regular
697,3894652,0.025540895764818924,-0.44984742331508515,0.14285714285714285,41,regular
699,3894653,0.4053636383854817,-0.016003176837681897,0.1794871794871795,13,regular
700,3894653,0.12491917978188,0.083364655767566,0.1774193548387097,15,regular
701,3894653,-0.0830539586633064,-0.21358930461851547,0.09239130434782608,38,regular
703,3894654,0.11356556466593969,-0.21159644516418763,0.09259259259259259,62,regular
704,3894654,0.2581827462623283,0.26640572983010063,0.09130434782608696,50,regular
706,3894654,0.35777695697180556,-0.19455043760818652,0.15555555555555556,17,regular
708,3894655,0.3203074366993499,0.05453853303389196,0.16176470588235295,51,strategic
709,3894655,-0.30330854996624335,-0.48539423194937065,0.07368421052631578,45,regular
710,3894655,0.27660621372420807,0.08979519602341059,0.0707070707070707,48,regular
711,3894655,0.6148967793660919,0.04959577037393414,0.21065989847715735,98,regular
713,3894656,-0.06679248873965206,-0.6424282686117591,0.11842105263157894,64,strategic
714,3894656,0.5881484943226197,0.16771957200178544,0.2389937106918239,70,regular
715,3894656,0.4881201882354242,0.2949925641110949,0.10820895522388059,54,regular
717,3894656,0.16462005477299327,-0.062071894361404166,0.07142857142857142,54,strategic
718,3894656,0.3925857972481267,0.24644795646064477,0.0625,50,regular
720,3894657,0.5330237902242837,0.3537437934463016,0.05555555555555555,27,regular
723,3894657,0.37787926479972644,0.30894595121394336,0.10824742268041238,29,regular
724,3894657,0.41413695522255234,-0.2575093318926804,0.1388888888888889,42,late
726,3894658,0.07833321241088527,-0.058047935995585276,0.15789473684210525,18,strategic
727,3894658,0.03073132706267205,-0.17935382848080894,0.040983606557377046,24,regular
728,3894658,0.7265736943913158,0.4594372842724266,0.12857142857142856,23,regular
729,3894658,0.32046825295273973,0.10225989921311131,0.10606060606060606,28,late
730,3894658,0.4227792116222353,-0.24728741976709337,0.16911764705882354,30,regular
731,3894658,0.2562045399130186,-0.002876795680932255,0.07692307692307693,14,late
733,3894659,0.2871437019989946,0.08093925501941923,0.1976190476190476,103,regular
734,3894659,0.4448918072398763,0.4252453860203375,0.09239130434782608,64,regular
736,3894659,0.690995940847418,0.17327669190334613,0.2127659574468085,17,regular
737,3894659,0.48127844455059876,0.09179180909529183,0.11538461538461539,25,regular
739,3894660,0.643012890467493,0.019017559739190275,0.18421052631578946,47,strategic
740,3894660,0.2622814384647187,-0.07993733871114399,0.05970149253731343,64,regular
743,3894660,0.16346667239671767,-0.5453088970825662,0.2570093457943925,36,regular
746,3894661,0.6563180209654405,-0.18685644957077543,0.2611111111111111,84,strategic
747,3894661,0.2541071663824302,0.13228930526524962,0.06382978723404255,67,regular
748,3894661,0.6061426456557822,0.23777817717036512,0.19642857142857142,10,regular
751,3894662,0.32137592314377456,0.1017428215527428,0.11935483870967742,41,regular
752,3894662,0.24821251428760366,-0.07331995217287426,0.047058823529411764,81,late
755,3894662,0.5123114357568158,0.4006235516495048,0.13559322033898305,14,late
757,3894663,0.3360306443152925,-0.043468340641156455,0.057692307692307696,52,strategic
759,3894663,0.5612641455635385,0.2564579922657682,0.23684210526315788,30,regular
760,3894663,0.021901090628328245,-0.48645654903337165,0.12162162162162163,29,regular
762,3894664,0.11038592988363055,-0.11579862494932501,0.2222222222222222,30,regular
763,3894664,0.10454859383086942,-0.10620014307534645,0.11842105263157894,30,regular
765,3894664,0.4406980725705929,0.18392405409129134,0.24107142857142858,53,regular
766,3894664,0.47590305140313993,0.11071506712511482,0.164,61,late
767,3894665,0.25450129579023223,0.0420126563884048,0.09659090909090909,42,regular
768,3894665,0.4352233900635497,0.09249276733003488,0.2288135593220339,28,regular
770,3894665,0.38918935192499493,0.22247276849858158,0.12105263157894737,33,strategic
771,3894665,0.028602656370015137,-0.05179124563491383,0.085,42,regular
773,3894666,0.5303248310910577,0.13985422036483813,0.22151898734177214,37,regular
774,3894666,0.5978568837476534,0.3215799350371132,0.12650602409638553,39,late
776,3894666,0.17560548304533968,-0.040068971447808154,0.07086614173228346,63,regular
777,3894666,0.1416825139870327,0.105862719601809,0.05244755244755245,47,regular
778,3894666,0.6472556857087588,0.49513162543610617,0.2679738562091503,64,late
779,3894667,0.05352162445761676,-0.43091414191112787,0.19583333333333333,47,late
781,3894667,0.09558041017162854,-0.2649763159232922,0.06521739130434782,35,strategic
782,3894667,0.02597315349548697,-0.147060925980257,0.08636363636363636,53,regular
783,3894667,0.4914321134731775,0.2666213854133665,0.10091743119266056,46,late
784,3894668,0.6167765503110463,0.4029536494975993,0.2057142857142857,76,strategic
785,3894668,0.24970113770467714,0.14208687393276193,0.03424657534246575,69,regular
786,3894668,0.237792929764311,-0.03799387782530536,0.0777027027027027,69,late
788,3894668,0.26541103060980153,-0.06718620944417449,0.18807339449541285,33,strategic
789,3894668,0.17760958258004036,-0.2117161818090597,0.20408163265306123,22,regular
790,3894669,-0.023494480546705485,-0.37741112997666854,0.11029411764705882,30,regular
791,3894669,0.0994259895537269,-0.22419427332895794,0.16666666666666666,23,regular
793,3894669,0.3183480009521033,-0.04403182135182228,0.08050847457627118,57,strategic
794,3894669,0.7009371443971065,0.3060313614539442,0.21755725190839695,53,regular
795,3894669,-0.15847757543306537,-0.24592280981153636,0.08974358974358974,70,regular
797,3894670,0.21658598157202355,-0.1901947014275269,0.23333333333333334,54,strategic
798,3894670,0.2744246323903049,0.09756205175750826,0.15827338129496402,67,regular
799,3894670,0.4176240333410955,-0.015602327782977331,0.15073529411764705,22,late
801,3894671,0.2785828086951487,-0.09772696814910312,0.11507936507936507,60,strategic
802,3894671,0.4070968415586377,-0.09899738038280596,0.09689922480620156,64,regular
803,3894671,0.13302387908876043,-0.07722619220512734,0.16071428571428573,42,regular
805,3894672,0.32392157056536525,0.17202092035162536,0.15159574468085107,90,regular
812,3894673,0.38958948297738716,-0.00017601913622354988,0.10542168674698796,80,regular
813,3894673,0.07293672028949576,-0.0913767806154419,0.18670886075949367,65,late
814,3894674,0.38696027735908434,-0.14144136892005885,0.23711340206185566,34,regular
817,3894674,0.5276553363577261,0.09006678707638555,0.2923076923076923,65,strategic
818,3894674,-0.17259785661888374,-0.28092449175118256,0.023255813953488372,56,regular
819,3894675,0.09305787103893474,0.17149858514250885,0.08490566037735849,20,strategic
820,3894675,0.4336581578668374,0.21442250696755896,0.045454545454545456,10,regular
821,3894675,0.3824869465763299,-0.021577547191560655,0.10955056179775281,89,regular
822,3894675,0.17909821756802718,-0.2244429025744333,0.11077844311377245,77,regular
824,3894676,0.527039465997516,0.17707002035544803,0.2210144927536232,59,regular
827,3894676,0.44275838266795187,0.1888038671996466,0.1323529411764706,17,strategic
829,3894676,0.5756872760323711,0.4272273700177665,0.1346153846153846,25,late
831,3894677,-0.18523379899395254,-0.34319411825475665,0.08813559322033898,138,strategic
832,3894677,0.034618817599845794,-0.15555303629038097,0.046370967741935484,107,regular
835,3894677,0.31098167135266214,0.22166130908061735,0.08536585365853659,43,regular
837,3894678,0.3736119436254864,-0.26850079707228064,0.1875,64,strategic
838,3894678,0.10242189074965741,-0.216621204534325,0.12152777777777778,49,late
840,3894678,0.4708224829503937,-0.38528208339414904,0.5178571428571429,14,late
841,3894679,0.21801287563957952,0.003246308408689653,0.09090909090909091,11,strategic
844,3894679,0.5593445036284339,0.01500343137548382,0.3314917127071823,73,regular
845,3894679,0.006193667465925202,-0.006179131736114887,0.020710059171597635,59,regular
847,3894680,0.045140059898821375,-0.09787407585857764,0.04285714285714286,38,regular
848,3894680,0.5095521412700885,0.2794030533769765,0.16228070175438597,21,late
850,3894680,0.4087368062210315,-0.16167619082278425,0.2706422018348624,54,regular
851,3894680,0.20312024338193535,-0.25957566805216276,0.07916666666666666,51,late
852,3894681,0.2930840016754805,-0.24336190539039043,0.11904761904761904,40,strategic
853,3894681,-0.14532552053298303,-0.20384295716533968,0.10112359550561797,38,regular
855,3894681,0.036494877729999764,-0.2344526616692948,0.13920454545454544,78,regular
856,3894681,0.13548635415068846,-0.2710472651337816,0.08441558441558442,61,late
858,3894682,0.7501441146728306,0.6601665870900015,0.11616161616161616,41,strategic
859,3894682,0.5397560426220155,0.3100665554411493,0.14893617021276595,22,late
866,3894683,0.35496384383746943,0.14708271092131875,0.08181818181818182,17,regular
868,3894683,0.5410938319780515,0.3793435841784657,0.2532467532467532,24,late
869,3894684,0.2932313159805806,-0.3466609723382157,0.18382352941176472,30,regular
870,3894684,0.23071994686489036,0.040374617096124873,0.06,32,late
872,3894684,-0.004134346286498519,-0.23256532249874975,0.16083916083916083,56,strategic
875,3894685,0.5113802066826001,0.13099021673110892,0.23043478260869565,55,strategic
876,3894685,0.708743379468243,0.44654499431390193,0.27898550724637683,55,regular
878,3894686,0.015221575819855218,-0.38059586066164586,0.1595744680851064,34,regular
883,3894687,0.5491482362643499,0.36049306713403667,0.2088607594936709,34,regular
884,3894687,0.49597324982084623,0.21355641341396842,0.11594202898550725,27,regular
886,3894687,0.17516367410116218,-0.1314536125970236,0.05194805194805195,73,strategic
887,3894687,0.30195460363987475,0.22210262389306162,0.12831858407079647,55,regular
890,3894688,0.13425360845463002,-0.2633216605753491,0.0703125,20,strategic
891,3894688,0.6133432838588261,0.20426503751837966,0.17032967032967034,43,late
893,3894688,-0.20900912858269866,-0.3528640563311268,0.029197080291970802,55,regular
895,3894689,0.5591093715894492,0.19519224062591306,0.1791044776119403,23,strategic
896,3894689,0.1526372577598353,-0.0173716540592487,0.09090909090909091,20,regular
897,3894689,0.6563828793083992,0.5179118841539466,0.13636363636363635,22,late
898,3894689,-0.190124870319388,-0.27747763886681687,0.18711656441717792,47,regular
899,3894689,-0.05572481989290264,-0.15582731784076748,0.07526881720430108,86,regular
900,3894689,0.5134900670162086,0.31404669018765574,0.10152284263959391,81,late
901,3894690,0.13680401404978038,-0.20372970908134932,0.3375,46,strategic
904,3894690,0.20643070596119267,-1.814246521749112e-17,0.08571428571428572,19,strategic
905,3894690,0.6701902707751124,0.07793235479315704,0.3076923076923077,10,regular
906,3894691,0.08266289742304402,-0.310351104264622,0.20535714285714285,44,strategic
907,3894691,-0.06205420854619268,-0.3929613777020713,0.13983050847457626,50,strategic
908,3894691,0.20206279489463524,-0.1288252554802262,0.06296296296296296,52,regular
912,3894692,-0.1689039032365106,-0.03415536406003787,0.07017543859649122,22,regular
913,3894692,-0.20406001879678975,-0.32772867078610424,0.14,18,regular
915,3894692,0.41948207080192396,0.344663178659038,0.09473684210526316,36,regular
916,3894692,-0.031471070130795885,-0.2209942964895585,0.27184466019417475,38,late
918,3894693,-0.05355498611205888,-0.2691664465049713,0.11194029850746269,24,regular
919,3894693,0.1595529632441533,0.10001028668886498,0.18461538461538463,26,regular
921,3894693,0.45129658030574193,0.1654917324240417,0.24561403508771928,56,regular
923,3894694,-0.017356599749142793,-0.29689042315851377,0.10846560846560846,72,strategic
924,3894694,0.3822444278690121,0.14905745671644172,0.2534246575342466,54,late
926,3894694,0.5811080725867656,0.2146150642358584,0.08695652173913043,30,strategic
927,3894694,0.2214046096117805,0.07566549551662326,0.10240963855421686,16,regular
928,3894694,0.07719519863568904,0.12953659193925493,0.03409090909090909,38,late
929,3894695,0.02407717061715386,-0.15407292861483668,0.06779661016949153,15,regular
932,3894695,0.02115767810237034,-0.15228196987318143,0.05434782608695652,62,regular
934,3894696,-0.010931357141393303,-0.24689791423165236,0.07042253521126761,67,strategic
935,3894696,0.36380274275036956,-0.00309418144781089,0.056910569105691054,60,regular
938,3894696,0.11133896050831808,-0.052686410427960455,0.2,23,regular
939,3894697,-0.1746571344449211,-0.19263743359474314,0.09130434782608696,50,regular
940,3894697,0.3459122393033203,0.23361028820269533,0.04779411764705882,53,late
942,3894697,0.234566618171914,0.1029123383853253,0.1875,20,regular
944,3894698,0.7163384984550075,0.3220412239151605,0.11278195488721804,60,strategic
945,3894698,0.36727635846314877,-0.0690982422332161,0.0989010989010989,28,regular
946,3894698,-0.02739479696068303,0.003081667756806829,0.07462686567164178,21,regular
949,3894699,0.4739553386520338,0.3084175324060197,0.16225165562913907,73,strategic
950,3894699,0.42856817557365456,0.3330281478800638,0.10493827160493827,77,regular
951,3894699,-0.16253978939482774,-0.35162487669446446,0.0875,63,regular
953,3894699,0.08477007085216277,-0.13015456588199145,0.13636363636363635,14,late
954,3894700,0.3489575403354758,-0.08755440155070908,0.07653061224489796,39,strategic
955,3894700,0.5018683642678444,0.4056583776595144,0.08441558441558442,38,late
957,3894700,0.44054666614533805,0.10956989425128333,0.1792452830188679,42,strategic
958,3894700,-0.03474105725001431,-0.211417415864732,0.05555555555555555,39,regular
960,3894701,0.3248920559535665,0.11138861611416519,0.07,21,strategic
962,3894701,0.5019260447995665,-0.004381620220860401,0.11986301369863013,66,strategic
963,3894701,0.22600843508253632,-0.1286932716093345,0.11724137931034483,57,regular
964,3894701,0.32647903599586303,-0.006365783497082809,0.04642857142857143,65,late
966,3894702,-0.11610248530985559,-0.44380070248202114,0.13450292397660818,64,regular
967,3894702,-0.22730378921309435,-0.293111755757608,0.1828358208955224,63,late
968,3894702,0.4137729752033005,0.09807447917529016,0.1482758620689655,70,strategic
969,3894702,0.11308008362966206,-0.1340885161524343,0.2974683544303797,59,regular
970,3894703,0.1575519988579176,-0.05433564141637155,0.084,58,strategic
971,3894703,0.21400145751239102,-0.15300103163977585,0.1774193548387097,43,regular
972,3894703,0.5107049557276473,-0.015290494091146422,0.14285714285714285,23,regular
973,3894703,0.6180544236715789,-0.06801449631463395,0.19491525423728814,28,regular
974,3894703,0.5696110376920868,0.25300552414530164,0.14545454545454545,24,late
975,3894704,0.2849967314724693,0.17747464044662997,0.266304347826087,33,strategic
976,3894704,0.27560374048737485,0.136718638079906,0.09933774834437085,56,regular
977,3894704,0.20441446324266616,-0.18135160852542084,0.14965986394557823,52,late
978,3894704,0.2926941163652539,-0.012375375013802092,0.24444444444444444,13,regular
980,3894705,0.09357608520421787,-0.11707111333582967,0.20833333333333334,16,regular
983,3894705,0.5203708318289011,0.29761881779838883,0.06989247311827956,35,regular
984,3894705,0.5898449106237791,0.13836065754445903,0.185,45,regular
985,3894706,0.3597105514807076,0.1808069074526831,0.21008403361344538,59,regular
988,3894706,-0.006977498959044484,-0.16528844032916395,0.07391304347826087,53,strategic
989,3894706,0.8393377512797372,0.37935873816385934,0.27419354838709675,59,regular
990,3894706,0.1276538799731845,-0.34310420360870264,0.06910569105691057,56,late
991,3894707,0.6805891959540338,0.32432074571664726,0.16233766233766234,35,strategic
992,3894707,0.18441558803775665,0.06306442924078122,0.11538461538461539,50,late
993,3894707,0.20852959290868164,-0.07579272185555191,0.0871559633027523,27,late
994,3894707,0.3188072487011367,0.2072982514059355,0.03636363636363636,24,strategic
995,3894707,0.16811167596719423,-0.0715237841284866,0.22580645161290322,27,late
996,3894708,0.2169065040762762,0.18544721096315173,0.17525773195876287,48,strategic
997,3894708,0.1346111524152488,-0.07486869111915842,0.065,45,regular
998,3894708,0.1300362540219633,0.04260127205832144,0.08421052631578947,40,late
999,3894708,0.03132896211985174,-0.34524156732779465,0.10902255639097744,38,strategic
1000,3894708,0.37940615204974387,-0.24388955120344533,0.10060975609756098,80,regular
1001,3894709,-0.059918721575810956,-0.1969987191514771,0.0851063829787234,10,regular
1003,3894709,0.12038215406850165,-0.12555328013123673,0.10526315789473684,74,strategic
1004,3894709,0.49038207514292387,0.06388479397447268,0.1413793103448276,70,regular
1006,3894710,0.49161604762112326,0.10419535371531165,0.20202020202020202,41,regular
1007,3894710,0.3867320747663771,0.1276597163803047,0.0794392523364486,49,late
1008,3894710,-0.01560880338344261,-0.1531772687729678,0.09504132231404959,48,regular
1009,3894710,0.29536264902765985,-0.04696632799132554,0.14705882352941177,42,late
1010,3894711,0.4966436630265085,0.2492671539949023,0.1346153846153846,23,strategic
1011,3894711,0.10610933595339567,-0.1307264014679961,0.03333333333333333,46,regular
1013,3894711,-0.03830248035322981,-0.30402901380917574,0.07718120805369127,67,strategic
1014,3894711,0.5507523200277455,0.491609369072784,0.0787037037037037,42,late
1017,3894712,0.06940427455526288,-0.11632943538200648,0.2694610778443114,69,regular
1019,3894712,0.4466219290347436,0.09476380653041011,0.2962962962962963,21,regular
1020,3894712,0.20749788748464199,-0.050610302927519286,0.14150943396226415,19,regular
1022,3894713,0.23952623246420232,0.1067809849722104,0.0851063829787234,36,strategic
1023,3894713,0.5810794837734076,0.18196841736948408,0.10069444444444445,62,strategic
1024,3894713,0.03413056835872558,-0.09274668314201634,0.05555555555555555,62,regular
1025,3894713,0.7435641788889282,0.2875958289124595,0.10687022900763359,36,late
1026,3894713,-0.06517021937360767,-0.6317589845964647,0.16233766233766234,36,regular
1027,3894713,0.47806938595032356,0.16522830955646303,0.16901408450704225,33,late
1028,3894714,0.2762610521542645,0.11152579672691981,0.1,17,regular
1031,3894714,0.2812385915985069,-0.05581204613382951,0.14583333333333334,61,regular
1032,3894714,0.3943637414018519,0.3195745465600548,0.22077922077922077,76,late
1033,3894715,0.25245201107165405,-0.22602482451655453,0.15753424657534246,29,strategic
1034,3894715,0.6435838490017673,0.22338227801194158,0.21739130434782608,32,regular
1039,3894716,0.0320132777403863,-0.1147870368787089,0.3125,10,regular
1040,3894716,0.36947612242473366,0.3376970085061096,0.15217391304347827,19,late
1041,3894716,0.3251938804891797,-0.01094037243027466,0.19262295081967212,61,strategic
1042,3894716,0.5146954876095894,0.273002772035155,0.12109375,62,strategic
1043,3894716,0.42328572241476975,0.3385007410581096,0.03773584905660377,57,regular
1045,3894717,0.05584232771257447,-0.30291063783307176,0.09217877094972067,62,strategic
1046,3894717,-0.01881907254774111,-0.32421717680074374,0.08839779005524862,86,regular
1048,3894717,0.5088231020721053,0.36609407708842934,0.08695652173913043,20,strategic
1049,3894717,0.06793206973729782,-0.11365480172468427,0.42727272727272725,24,regular
1051,3894718,0.4351777202848854,-0.1564246786459396,0.2627118644067797,19,strategic
1052,3894718,0.43704925688091856,0.1344176835592388,0.13076923076923078,24,strategic
1053,3894718,0.36358124419238486,-0.24287903802340294,0.16666666666666666,33,regular
1054,3894718,0.3428737050163176,0.17077627712160218,0.11170212765957446,40,regular
1055,3894718,0.44010962767507783,0.30984386962973054,0.1388888888888889,36,late
1057,3894719,0.26922977842696,0.0971074773396535,0.20610687022900764,60,strategic
1058,3894719,0.17061844976472768,-0.07472762644628084,0.15760869565217392,26,regular
1059,3894719,0.3815102605683743,0.21767203879092742,0.16363636363636364,15,regular
1062,3894720,0.3331995640641889,-0.036904859394473265,0.18604651162790697,15,regular
1064,3894720,0.6110389774911184,0.24028776987466505,0.2540322580645161,60,strategic
1065,3894720,0.14161793387336924,-0.0036511563515589244,0.08415841584158416,42,regular
1066,3894721,0.02602759751031336,-0.19243503360475514,0.08333333333333333,38,strategic
1067,3894721,0.19535247905775247,-0.051964882566121987,0.08333333333333333,24,regular
1069,3894721,0.19985482547170472,0.06900655593423544,0.1044776119402985,29,regular
1070,3894721,-0.1490234086159721,-0.42046327207428114,0.20909090909090908,24,regular
1072,3894722,0.2742830760402839,-0.10942876180611315,0.06989247311827956,28,strategic
1073,3894722,0.4223267428171778,-0.008638581529275541,0.19473684210526315,34,regular
1075,3894722,0.05755375861651817,-0.0971662051025301,0.1598360655737705,38,strategic
1076,3894722,0.5385464780914369,0.230268416896124,0.2305194805194805,53,regular
1077,3894722,0.21133888219533825,-0.07833608793378363,0.09226190476190477,73,regular
1078,3894723,-0.06336007658329217,-0.4570124198176508,0.1950354609929078,69,strategic
1080,3894723,0.057132257557949144,-0.07906281186729813,0.07692307692307693,60,regular
1082,3894724,0.6845812908583762,0.42317101622028,0.2,20,regular
1083,3894724,0.4920835494279792,0.07369961896412833,0.06,22,regular
1084,3894724,0.4750583674209923,0.11626012684000774,0.125,22,late
1085,3894724,0.39343354207623243,0.08906565188634785,0.12643678160919541,33,strategic
1086,3894724,0.2821617476587094,-0.3307591736503079,0.20270270270270271,37,regular
1087,3894725,0.34822463477376386,0.17696268241197713,0.08482142857142858,48,regular
1088,3894725,0.18290756371189662,0.07438508378499238,0.1375,31,regular
1091,3894726,-0.08543712441211025,-0.1401528901424253,0.041176470588235294,75,regular
1092,3894726,0.47094783655325195,0.22751238798539852,0.13662790697674418,78,late
1093,3894726,0.3856161178168716,0.07441573636280586,0.36666666666666664,30,regular
1095,3894727,0.07784425302347447,-0.23212150891173855,0.12254901960784313,39,strategic
1096,3894727,0.38817735046886326,-0.11840831750550716,0.2807017543859649,51,strategic
1097,3894727,0.4680718817157667,0.3554969238079657,0.10740740740740741,65,regular
1098,3894727,0.08812829406849218,-0.22858038094610783,0.20666666666666667,26,regular
1099,3894727,0.2530231634290713,-0.007445696289600367,0.2903225806451613,28,regular
1101,3894728,0.16663099817298924,-0.21810766543218085,0.05555555555555555,37,regular
1102,3894728,0.14286612264651288,-0.48386855148518626,0.23387096774193547,19,late
1103,3894728,0.17371163054128766,0.07915842432905626,0.07246376811594203,30,regular
1104,3894728,0.023252476197611345,-0.08090606529796253,0.05555555555555555,22,regular
1106,3894729,0.321813542071765,-0.14491290540077378,0.12121212121212122,26,regular
1107,3894729,0.24846754800901405,0.12883247012874027,0.07971014492753623,26,late
1109,3894729,0.20376974142428583,-0.11289297697994681,0.18442622950819673,47,regular
1110,3894729,0.23554555277852637,0.2288515744060972,0.058823529411764705,36,regular
1114,3894730,0.6786463273996661,0.529297309669477,0.07792207792207792,37,strategic
1115,3894730,0.0765429173263932,-0.16150646782638872,0.17355371900826447,60,late
1117,3894731,0.15604682795005775,-0.19685687587543743,0.1896551724137931,34,strategic
1118,3894731,0.4488201040897199,0.18250346947571808,0.2708333333333333,18,regular
1119,3894731,0.400364946743467,0.13762047064079508,0.2073170731707317,18,regular
1122,3894732,0.19851126118387036,-0.09546878587545297,0.13983050847457626,46,regular
1123,3894732,0.40558570749811557,0.1803866981815588,0.16049382716049382,26,strategic
1124,3894732,0.724829829749896,0.47457683454825156,0.16666666666666666,21,regular
1125,3894733,0.40632642901655436,0.031247152704464314,0.1962962962962963,62,strategic
1126,3894733,0.4994973161856343,0.21720735602855004,0.12727272727272726,48,regular
1127,3894733,0.29108121596339304,-0.2721123520970551,0.0825242718446602,49,late
1129,3894733,0.4063117895340917,0.04763621589515562,0.14335664335664336,67,late
1131,3894734,-0.03837299067108895,-0.08680640068685577,0.15,15,regular
1132,3894734,0.3878862017607253,-0.2764945439184268,0.3,12,late
1133,3894734,0.5195365490164127,0.11633503195550329,0.14726027397260275,54,regular
1134,3894734,0.18933630689372824,0.051795590970955915,0.08490566037735849,68,regular
1135,3894734,0.533786958449184,0.2700267541980384,0.1375,65,late
1136,3894735,0.12141351171298351,-0.10526806539365752,0.23267326732673269,43,strategic
1137,3894735,-0.012952872427168529,-0.26237294801357625,0.16981132075471697,52,regular
1138,3894735,-0.11374284971814425,-0.11980843889736888,0.08095238095238096,23,strategic
1139,3894735,0.38712084928132834,0.18980897625818366,0.15625,43,regular
1140,3894735,-0.05806048511546626,-0.2507661853817749,0.10891089108910891,43,late
1141,3894736,0.45343411272686956,0.028461540291027026,0.18981481481481483,49,regular
1142,3894736,0.27602670291066617,0.24649630154994345,0.08778625954198473,51,regular
1143,3894736,0.63894935541281,0.3500987848721932,0.17916666666666667,39,strategic
1144,3894736,-0.029317935496297284,-0.2970069795900516,0.13596491228070176,36,regular
1145,3894736,-0.08964519820448034,-0.4704621452510417,0.1310344827586207,67,late
1146,3894737,0.26819741122023594,0.06716402948550974,0.06896551724137931,32,regular
1149,3894737,0.08806009383065269,-0.0414519616906873,0.07647058823529412,33,regular
1150,3894737,0.2930035829277311,-0.0006396126736892335,0.16489361702127658,28,regular
1152,3894738,0.6452956516555529,0.4350059154662213,0.25666666666666665,72,strategic
1153,3894738,0.5508303699240787,0.3479127993317813,0.11702127659574468,45,regular
1157,3894739,0.2986613571786229,-0.03296902366978936,0.11764705882352941,16,regular
1159,3894739,0.2717988135291888,-0.002202962692376344,0.09274193548387097,34,strategic
1161,3894740,0.3669079367559196,0.3263321095462273,0.028846153846153848,69,strategic
1162,3894740,0.4850533235712146,0.19866497319856005,0.05191256830601093,90,late
1164,3894740,-0.05855330055989487,-0.22719419792333845,0.0975609756097561,50,strategic
1165,3894740,0.2562548410380859,-0.08891282703947172,0.22115384615384615,46,regular
1167,3894741,0.8053049500970588,0.1375962443408854,0.38944723618090454,91,strategic
1168,3894741,0.25048354064197886,0.06881365816516921,0.06707317073170732,74,strategic
1169,3894741,0.1474085944718917,-0.03577130654181641,0.02348993288590604,66,late
1172,3894741,0.1333996089698288,-0.12977779846859858,0.3,16,late
1173,3894742,0.09826335393533482,-0.22896668656661273,0.16037735849056603,21,regular
1174,3894742,0.4399426512055288,0.015570915709620124,0.20786516853932585,20,late
1175,3894742,0.22475900547886393,0.20835736447478384,0.08275862068965517,50,regular
1177,3894743,0.062156941804425825,0.041917053840445764,0.15384615384615385,13,regular
1178,3894743,0.26134821048817625,0.12548347185904285,0.11231884057971014,62,late
1180,3894743,0.2979877003721554,0.10488365054823276,0.1141732283464567,56,strategic
1181,3894743,0.2710214098914136,0.026278572951776182,0.13157894736842105,41,late
1183,3894744,0.5028255659374061,-0.5624358281198228,0.31446540880503143,57,strategic
1184,3894744,-0.050842643047495355,-0.10364712505516115,0.0297029702970297,43,regular
1185,3894744,0.37352624534895373,0.06134427569542657,0.0660377358490566,22,regular
1187,3894745,0.25800692465581687,0.056880349451795806,0.10775862068965517,32,strategic
1188,3894745,0.17278582308597928,-0.17517104647369985,0.11607142857142858,35,regular
1190,3894745,0.1921577357748313,-0.07283292563633136,0.14601769911504425,44,strategic
1191,3894745,0.4481908779327596,0.16079034826208025,0.16906474820143885,48,late
1192,3894746,0.3630215862636552,0.355924708231547,0.1206896551724138,16,strategic
1194,3894746,0.361083048461699,0.2732380968782396,0.1130952380952381,30,regular
1195,3894746,0.05238775428597207,0.045395695202930346,0.2570093457943925,39,regular
1197,3894747,0.3786615928384037,-0.12036565350558424,0.1574074074074074,40,regular
1198,3894747,0.4545598378109072,0.11489005282318292,0.19811320754716982,24,strategic
1199,3894747,-0.08159909580610339,-0.2980244485972364,0.12264150943396226,25,regular
1200,3894748,0.16892306122306228,0.030821614077180554,0.07258064516129033,28,regular
1201,3894748,0.4265105829999144,-0.20120207263806955,0.1568627450980392,17,late
1203,3894748,0.19582568068725528,-0.08742465211888079,0.2204724409448819,54,strategic
1204,3894748,0.28692536104486616,0.028917221979915822,0.07446808510638298,61,regular
1205,3894748,0.5930679288383532,0.29891083559606874,0.11923076923076924,58,late
1206,3894749,0.4168027577970868,-0.17445324798215783,0.23255813953488372,21,strategic
1207,3894749,0.37564588458664855,0.2820693004573368,0.22972972972972974,16,regular
1208,3894749,0.19693921222963873,-0.04416466830000834,0.15254237288135594,70,regular
1209,3894749,0.3506570416822708,-0.008802232985190787,0.15178571428571427,76,regular
1211,3894750,0.4168130857940491,-0.12543887200525328,0.16129032258064516,121,regular
1214,3894750,0.1445089033774932,-0.15871834940309262,0.0945945945945946,13,strategic
1217,3894751,0.4530862336469803,0.3450468871950889,0.13095238095238096,19,regular
1218,3894751,-0.08680301732541634,-0.4215178148264881,0.21739130434782608,18,late
1220,3894751,0.29712157275663603,0.22118372387415058,0.08455882352941177,41,strategic
1221,3894751,0.39267127629072274,-0.07222295747840952,0.13095238095238096,25,regular
1223,3894752,0.20640538271247036,-0.10718866799466495,0.11206896551724138,18,regular
1225,3894752,0.11524164307553057,0.011086211961486632,0.1377551020408163,39,strategic
1226,3894752,0.4380895424392329,0.2965580448184798,0.2,32,late
1227,3894753,0.16157101878194174,0.18690552944615088,0.05202312138728324,85,strategic
1228,3894753,0.4496780109572059,0.15350359539470998,0.2621951219512195,82,strategic
1229,3894753,0.6391797725454951,0.24384900655593056,0.1701388888888889,49,regular
1230,3894753,0.37723902994454955,0.21887034125206997,0.1,68,regular
1231,3894753,0.21884782528278274,0.001899114379535635,0.12643678160919541,83,regular
1233,3894754,0.10584633632083894,-0.1016686496868589,0.16521739130434782,57,strategic
1234,3894754,0.04874513244647188,-0.14739432968674349,0.07954545454545454,52,regular
1235,3894754,0.4717857851440589,0.24799021797491044,0.07017543859649122,23,regular
1238,3894755,0.5266150735263442,0.25972930832211466,0.06382978723404255,22,regular
1240,3894755,0.6447443583748754,0.14638059232625295,0.36,79,regular
1241,3894755,0.5048051467039865,0.2148300461956089,0.10759493670886076,75,regular
1242,3894756,0.4428975147136462,0.23309600484985857,0.07627118644067797,39,regular
1243,3894756,0.4245140709711595,0.18431818798649804,0.13548387096774195,72,late
1244,3894756,0.2755330914800871,-0.029735051672502635,0.08333333333333333,31,strategic
1245,3894756,0.372412072306814,-0.22691633492711927,0.22972972972972974,33,strategic
1246,3894756,0.6142719371981927,0.09922678969972352,0.07462686567164178,33,regular
1247,3894757,0.45757537012051425,0.21090472350616044,0.1036036036036036,35,strategic
1248,3894757,0.2973863679016865,0.02128207203716457,0.21428571428571427,19,regular
1249,3894757,0.5309204267656352,-0.09708105714116179,0.31976744186046513,39,regular
1250,3894758,0.45293144080779996,0.26295158056579027,0.10743801652892562,54,strategic
1252,3894758,0.45035701929042193,0.23756525413713683,0.10606060606060606,28,regular
1253,3894758,0.5015590605843862,0.05933782993469743,0.2054794520547945,16,late
1254,3894759,0.22645603470230175,0.2283314532739346,0.07547169811320754,24,regular
1255,3894759,0.6129847384068594,0.2321768668098018,0.29347826086956524,17,regular
1257,3894759,0.21296379124952178,-0.07567983228193774,0.1893491124260355,74,late
1261,3894760,0.017096849245583842,-0.1559239685236727,0.07462686567164178,24,regular
1264,3894761,0.2796991700193161,-0.012941819146939733,0.0736196319018405,65,strategic
1265,3894761,0.07118502340788041,-0.3664236616556679,0.08883248730964467,98,strategic
1266,3894761,0.5146572624807589,-0.21165301218870647,0.12290502793296089,81,regular
1268,3894761,0.1457465124960523,-0.048981317807705996,0.2,33,regular
1269,3894761,0.0740656798655088,-0.05324299175336911,0.06666666666666667,59,late
1271,3894762,0.023404242129325993,-0.02671470171381245,0.15086206896551724,53,regular
1272,3894762,0.4308426669557879,0.14643097343514774,0.2079646017699115,54,late
1274,3894762,0.21082971459524244,0.001106327927810693,0.056338028169014086,69,strategic
1275,3894762,0.28388576983330466,-0.16539234411090603,0.22346368715083798,83,regular
1277,3894763,0.18095382327103418,-0.16480873535305243,0.21839080459770116,38,strategic
1278,3894763,0.27710088840761415,0.04272793992210862,0.12837837837837837,51,late
1280,3894763,-0.22718004179879633,-0.5258250016910267,0.14130434782608695,22,regular
1282,3894764,0.11294786022381113,0.10133605445513443,0.06521739130434782,44,strategic
1283,3894764,-0.038327317726337934,-0.27560185411952565,0.19924812030075187,53,regular
1284,3894764,0.4529527698382893,0.24982537745799563,0.19060773480662985,73,regular
1286,3894765,0.4945933896672772,0.14984375338485534,0.25,61,strategic
1287,3894765,0.4833829253295692,0.0631261809585504,0.19578313253012047,79,regular
1288,3894765,-0.15920773595591095,-0.2025642808350785,0.03731343283582089,24,regular
1289,3894765,0.4929375546818477,-0.07131483554265755,0.25833333333333336,24,regular
1290,3894766,0.5317043390637463,0.1429757227177002,0.11570247933884298,56,strategic
1291,3894766,0.07394738285104706,-0.2119356419779482,0.22887323943661972,69,regular
1292,3894766,0.21394381782959668,0.0143970436875809,0.07092198581560284,65,regular
1294,3894767,-0.20026303167753665,-0.44951123096074186,0.10606060606060606,65,regular
1295,3894767,0.13450099793374126,-0.0076627556952016005,0.05244755244755245,64,regular
1298,3894768,0.4194571659556698,0.11287922692312068,0.18137254901960784,41,strategic
1299,3894768,0.24026215930075018,0.06621941887556687,0.26635514018691586,46,regular
1300,3894768,0.057844657542477466,-0.1357241785076593,0.08602150537634409,34,strategic
1301,3894768,-0.03536742761144534,-0.2787750362980281,0.10106382978723404,46,regular
1302,3894768,0.5432007984073896,0.03269369355906387,0.19230769230769232,33,late
1304,3894769,0.49555849624527376,-0.032795914444908966,0.26071428571428573,65,regular
1305,3894769,0.2951536608591568,0.10868314483552491,0.11971830985915492,66,regular
1307,3894769,0.6662289694114166,0.42571300248541666,0.2037037037037037,24,regular
1308,3894769,0.1510173365068781,-0.17283995266437777,0.21875,24,late
1309,3894770,0.16175092004820055,-0.5249473161573808,0.20642201834862386,40,strategic
1311,3894770,0.1428407656681903,-0.3133720774148436,0.10227272727272728,33,strategic
1312,3894770,0.11846382494324334,0.3310680660707335,0.3188405797101449,26,regular
1314,3894771,0.2969104357930977,0.00891527548672845,0.08,66,regular
1315,3894771,0.06958678035502922,-0.24549059448881697,0.08823529411764706,73,regular
1317,3894771,0.15113012382500507,-0.12134621093710928,0.11224489795918367,52,strategic
1318,3894771,0.22197384282636734,0.08124202584504292,0.07723577235772358,31,regular
1321,3894772,0.6479260092844467,0.5245113157961228,0.07142857142857142,31,regular
1324,3894772,0.18192756622785183,0.004108132429458782,0.11160714285714286,43,regular
1325,3894772,0.3529008679177944,0.149792998787908,0.13333333333333333,39,regular
1326,3894773,0.4470228463168851,-0.05068526789053432,0.3588235294117647,24,regular
1327,3894773,0.219697674675756,0.007865446580478355,0.08,22,regular
1328,3894773,0.022815727775195915,-0.36526015293175673,0.06198347107438017,50,strategic
1329,3894773,0.5623052642698683,0.25415746288558694,0.14084507042253522,32,regular
1331,3894774,0.31134061722146694,0.1378120381345324,0.0873015873015873,18,strategic
1332,3894774,0.2792279968811658,0.14797529970995338,0.09482758620689655,25,late
1333,3894774,0.160741443642147,0.07292958638199006,0.27380952380952384,15,late
1334,3894774,0.006191844608004198,-0.515212429387379,0.14673913043478262,75,strategic
1335,3894774,0.48438750416072635,0.14595475430602792,0.19927536231884058,53,strategic
1336,3894774,0.3827458637750895,0.21997660360487226,0.08203125,51,regular
1338,3894775,0.2761829739963866,0.16953394354162518,0.21794871794871795,55,strategic
1339,3894775,0.28817926003088284,0.10357277332927692,0.11851851851851852,64,regular
1340,3894775,0.07596358808974861,-0.276775889317876,0.14356435643564355,14,late
1341,3894775,0.27783128498083004,-0.04592434497787223,0.08235294117647059,36,strategic
1342,3894775,0.14892777275750962,-0.10744950388295851,0.13432835820895522,33,regular
1343,3894775,0.3798808297110997,0.05979122860563402,0.13157894736842105,15,regular
1344,3894776,0.3560140306987287,0.029297310550795475,0.09352517985611511,45,regular
1346,3894776,0.6041773507207796,0.016641982031638823,0.18181818181818182,10,regular
1348,3894777,0.2974248301595927,-0.30103166817753085,0.2753623188405797,63,strategic
1349,3894777,0.24962136743400873,0.05693630897648863,0.11538461538461539,64,regular
1351,3894777,0.5733917453211572,-0.07920301719392771,0.415929203539823,55,regular
1352,3894777,0.6262702226079034,0.38386608751982904,0.13978494623655913,32,regular
1353,3894778,0.2857085912443491,-0.04145833627098824,0.2480916030534351,45,regular
1354,3894778,-0.0880064280718517,-0.3182507256177298,0.07142857142857142,61,regular
1357,3894779,0.5112118773291013,-0.1034006222353897,0.10294117647058823,24,strategic
1358,3894779,0.6781524493348694,0.2541858637198324,0.2765957446808511,16,regular
1359,3894779,0.5470298735957131,0.05070629873441051,0.07446808510638298,19,late
1360,3894779,0.15128186263715995,-0.015992274897455028,0.06343283582089553,66,regular
1361,3894779,0.35898709021203257,0.049774553225994334,0.15789473684210525,65,late
1363,3894780,0.32388176726140194,-0.1410834434967715,0.2542372881355932,15,regular
1365,3894780,0.4530298432933109,0.1391472135596915,0.15862068965517243,72,regular
1368,3894781,0.3761618023891553,-0.12127839152218382,0.13025210084033614,48,regular
1369,3894781,0.507986404426475,-0.09186766869179007,0.30434782608695654,22,regular
1370,3894781,0.6239177481057773,0.3283947887145927,0.11428571428571428,10,late
1372,3894782,0.4521933899432323,0.18744614152507647,0.1875,21,strategic
1373,3894782,0.03674418339685,-0.0716451407492392,0.07236842105263158,37,regular
1375,3894782,-0.17736051840642114,-0.40118240002775135,0.07425742574257425,46,strategic
1376,3894782,-0.05513686570649304,-0.10171811048150815,0.1043956043956044,32,regular
1377,3894782,0.2698802737939915,0.12424371098827455,0.13736263736263737,31,late
1379,3894783,0.2716725077377094,0.14794810577296688,0.08908045977011494,53,late
1381,3894783,0.5788490140595336,0.3287194112191394,0.1509433962264151,14,regular
1382,3894783,0.21880546720133492,-0.0006362064654595773,0.12264150943396226,18,regular
1383,3894784,0.03377270944365783,-0.06839855680567691,0.04424778761061947,40,strategic
1384,3894784,0.032977697613694144,-0.431601290674081,0.11627906976744186,38,regular
1386,3894784,0.3712443174346515,0.09818937501165091,0.2024793388429752,52,strategic
1389,3894785,0.23310317718558204,0.10639903531978628,0.06557377049180328,24,strategic
1390,3894785,0.5119762998587877,-0.013270108796965113,0.21666666666666667,24,strategic
1391,3894785,0.20558274227609363,0.11771497984088816,0.06153846153846154,27,regular
1392,3894785,0.5572934496278663,0.3137646949857138,0.15625,47,strategic
1393,3894785,-0.08609325677650896,-0.14309072402200265,0.092,45,strategic
1395,3894786,0.31393274362467505,-0.02091278982383527,0.19230769230769232,75,strategic
1396,3894786,0.3884260423415816,0.1626405749736877,0.10476190476190476,41,regular
1398,3894786,0.4322413788645126,0.30891677942700024,0.06164383561643835,26,regular
1399,3894786,0.511089017443484,-0.31240689700792246,0.22297297297297297,34,late
1401,3894787,0.22825242047864175,-0.17013053255967672,0.1446280991735537,50,regular
1402,3894787,0.10413412847291192,-0.004986566676514285,0.09663865546218488,57,regular
1404,3894787,0.4567622517688612,0.33086757758344504,0.14835164835164835,33,strategic
1405,3894787,0.2797590479638049,-0.3202081419450326,0.18023255813953487,36,regular
1406,3894787,0.37273975857013364,0.11536885801277068,0.13636363636363635,36,late
1407,3894788,0.1832957001786493,-0.05682371068438711,0.09166666666666666,16,strategic
1410,3894788,0.4961789823147998,0.34927933464834077,0.31363636363636366,52,regular
1412,3894789,0.2353790174804408,0.1696242273869627,0.022900763358778626,46,strategic
1413,3894789,0.028043047844547312,-0.07699673523432278,0.08235294117647059,60,late
1415,3894789,0.2800621688872813,0.12257317658755867,0.10126582278481013,27,regular
1416,3894789,0.5044916523269843,0.24797227964566967,0.23214285714285715,28,regular
1417,3894790,0.6802376479640925,0.24613687809418328,0.2361111111111111,34,regular
1418,3894790,0.5628264565188016,0.1802702950031397,0.24324324324324326,36,regular
1420,3894790,0.23768456750208206,-0.21490954971471654,0.29444444444444445,87,regular
1421,3894791,0.12236277064892401,-0.28801938099248964,0.2558139534883721,39,regular
1424,3894791,0.6512994799423222,0.08270537513628294,0.20833333333333334,54,strategic
1425,3894791,0.37110416554694103,-0.2487719400750695,0.16834170854271358,84,regular
1427,3894792,0.2822704256277761,-0.1446882394852424,0.234375,71,strategic
1428,3894792,0.3076377372223205,0.1123719699843746,0.09523809523809523,69,regular
1430,3894792,-0.0870212497028079,-0.28891262839020954,0.10416666666666667,18,strategic
1431,3894792,-0.12670805388249615,-0.4712523187461129,0.06976744186046512,20,regular
1433,3894793,0.2519814839870592,-0.09253063563623243,0.25,14,strategic
1434,3894793,0.2880379425886997,0.09728680690593758,0.1348314606741573,40,late
1436,3894793,0.4953621406147855,0.2450058106209088,0.15,15,late
1437,3894793,0.2532828028482676,0.11278151157969608,0.203125,21,late
1439,3894794,0.3079585869651067,0.05523868758464249,0.04918032786885246,53,strategic
1440,3894794,0.03629066186310016,0.03147859405210705,0.046610169491525424,48,late
1441,3894794,0.1514168525731033,-0.11771517665618204,0.23015873015873015,23,strategic
1442,3894794,0.19620013886831436,0.05862450263103027,0.109375,42,regular
1443,3894794,0.46511593325384937,-0.007660464124851176,0.11428571428571428,29,late
1444,3894795,0.25141750472772845,0.3872087544741285,0.14925373134328357,27,strategic
1445,3894795,0.5417028120497618,0.17463383756517756,0.20512820512820512,12,regular
1446,3894795,0.4502087253839803,0.04314066988217253,0.22877358490566038,103,regular
1447,3894795,0.1835401030165373,-0.10328922760501379,0.17447916666666666,74,regular
1449,3894796,-0.14334078831695599,-0.24836485706916087,0.09895833333333333,35,strategic
1450,3894796,-0.1422285636554621,-0.16304801341511876,0.21100917431192662,53,regular
1452,3894796,0.5695388786038044,-0.04040958019637087,0.18902439024390244,40,strategic
1455,3894797,0.28526747465422925,0.02158204886193732,0.07333333333333333,51,strategic
1456,3894797,0.13953750463632644,-0.3716121282408999,0.09328358208955224,37,regular
1457,3894797,-0.14638183059679852,-0.28291705434089853,0.02608695652173913,49,regular
1458,3894797,0.6001697740949585,0.36482523798584865,0.2411764705882353,35,regular
1460,3894798,0.4842275067169593,0.03154250123971945,0.14835164835164835,45,strategic
1461,3894798,0.5315928436987494,0.17520458638108816,0.1095890410958904,30,regular
1463,3894798,0.6043736280448518,0.3119030838232214,0.34459459459459457,25,late
1464,3894799,0.44851948703025385,0.01030666188274792,0.21951219512195122,15,regular
1465,3894799,-0.24021411204776227,-0.23788035284335787,0.14705882352941177,11,late
1466,3894799,0.6725701705397755,0.43766326032370023,0.13855421686746988,28,strategic
1467,3894799,0.41127994612527047,-0.03783181042192277,0.15942028985507245,23,regular
1468,3894799,0.16247694607402163,-0.03546089875830989,0.09593023255813954,61,late
1470,3894800,0.2000846951867173,-0.0785549523414244,0.12280701754385964,26,strategic
1471,3894800,0.5352861911223153,0.24603455076826697,0.09310344827586207,56,regular
1474,3894800,0.42824412509882775,0.3351690639995244,0.09615384615384616,21,late
1478,3894801,0.45429010052865815,0.0984710105473785,0.2323943661971831,35,regular
1480,3894802,0.3946596325019975,0.14225015122017512,0.125,42,regular
1481,3894802,0.5853198409752779,0.011965273318006491,0.32170542635658916,46,late
1483,3894802,0.41942272361785227,-0.0758007043359537,0.26666666666666666,43,regular
1484,3894802,-0.027013956314940527,-0.3393877680645682,0.15079365079365079,29,late
1485,3894803,0.4049977670400238,0.08734691135652296,0.11538461538461539,62,strategic
1487,3894803,0.2665445581690796,0.06635968818496185,0.14035087719298245,24,regular
1489,3894804,-0.13056435358278945,-0.6057976660437435,0.2088607594936709,45,strategic
1490,3894804,0.2994042104668581,0.0004009101752032268,0.15702479338842976,58,regular
1491,3894804,0.32142966482574625,0.1339439905671154,0.11875,33,regular
1492,3894804,0.5462581695942308,0.27666612434911364,0.1111111111111111,26,late
1494,3894805,0.2287065818369308,-0.06509445549041193,0.15517241379310345,26,strategic
1495,3894805,0.03014894188718422,-0.28904934971981355,0.10714285714285714,22,regular
1497,3894805,0.1936383218073696,-0.1033548454075525,0.16981132075471697,24,strategic
1499,3894806,0.3827089098138912,0.07994859250312322,0.2028985507246377,46,strategic
1500,3894806,-0.05920297850944503,-0.45571830534016444,0.25630252100840334,28,late
1502,3894806,-0.20406933449973433,-0.4471075007959297,0.06569343065693431,56,regular
1505,3894807,0.2607919068632927,-0.01744142707270215,0.2127659574468085,70,strategic
1506,3894807,-0.2523718469070818,-0.5326426419991614,0.10384615384615385,61,regular
1507,3894807,0.006492848632542305,-0.2817674141701606,0.15151515151515152,56,late
1508,3894807,0.428542597736524,-0.4913188011409597,0.14189189189189189,24,regular
1510,3894808,0.19615521976704695,-0.20090245188668363,0.18652849740932642,92,strategic
1511,3894808,0.354605064911182,-0.14487714174398578,0.12732919254658384,78,late
1513,3894808,0.5449923569509478,0.2757575878638113,0.0975609756097561,17,regular
1514,3894808,0.4331933784892003,0.0767181169033448,0.14705882352941177,15,regular
1516,3894809,0.16604802726022094,-0.20660965940749745,0.15,31,strategic
1517,3894809,0.29744195818674724,-0.20772620374706807,0.11486486486486487,25,regular
1518,3894809,0.31343932909209987,0.07904040399665391,0.1357142857142857,23,late
1519,3894809,0.16097022696553423,-0.06825863212845776,0.0784313725490196,25,strategic
1520,3894809,0.29416254622372484,0.11345238852532265,0.125,21,regular
1521,3894809,-0.04899440054579247,-0.38954069545192277,0.28125,11,late
1522,3894810,0.04534784866604055,-0.030737842773887837,0.07692307692307693,44,strategic
1523,3894810,0.08146618394290507,-0.12761727123061392,0.05223880597014925,52,regular
1524,3894810,0.27884183040118143,0.139463837367584,0.12692307692307692,42,regular
1528,3894811,0.7447574699923859,0.26633538792889383,0.21923076923076923,54,regular
1529,3894811,0.1807352272807808,-0.11925156074987775,0.19902912621359223,45,regular
1530,3894811,0.3591562334139172,0.015685757137706417,0.12903225806451613,35,strategic
1531,3894811,0.061018416196049696,0.016755157969490994,0.12048192771084337,35,regular
1534,3894812,0.01598133585383468,-0.32991540380428747,0.14736842105263157,40,regular
1536,3894812,0.3863260024167705,0.07507135169227552,0.12867647058823528,35,strategic
1537,3894812,0.595885078283327,0.2588777063346329,0.15555555555555556,40,regular
1538,3894812,0.23429431062672507,-0.13823708308856777,0.11594202898550725,24,regular
1540,3894813,0.38227793277601196,0.06809304376145911,0.15,29,strategic
1541,3894813,0.3030336619046153,0.006372279032571263,0.07407407407407407,36,strategic
1542,3894813,0.50095004556578,0.2560789045172704,0.054455445544554455,44,regular
1544,3894813,0.18341873352595311,-0.29153925789927154,0.30864197530864196,32,regular
1547,3894814,0.1687184715243116,-0.07268985306705408,0.16019417475728157,42,strategic
1548,3894814,0.4638146731657827,0.02747157970813701,0.1569767441860465,35,regular
1549,3894814,0.5615114552186874,0.18984623438699483,0.08441558441558442,28,regular
1550,3894814,0.5877380300805902,-0.004920039715878672,0.23825503355704697,65,regular
1551,3894814,0.3094439324361683,-0.1624909296054253,0.13095238095238096,38,late
1553,3894815,0.24699571761270522,0.056954490622759216,0.18902439024390244,37,strategic
1554,3894815,0.39787858575022955,-0.0451303431175098,0.24719101123595505,27,strategic
1555,3894815,0.34557000578168534,-0.10766659473536246,0.10869565217391304,31,regular
1556,3894815,0.04025936734942598,-0.08251772295422019,0.05421686746987952,54,strategic
1557,3894815,0.3544514641724083,-0.04645776554813843,0.22039473684210525,43,late
1559,3894816,0.6438355105075275,0.5150473506687401,0.14388489208633093,55,strategic
1560,3894816,0.22607732384423324,-0.002532199976475335,0.15178571428571427,31,late
1561,3894816,0.17702006991301297,0.10916707166965128,0.24675324675324675,29,regular
1563,3894817,0.28028765204421613,0.04391010319190074,0.20588235294117646,39,regular
1564,3894817,0.5452929057665941,0.05169536654299718,0.11278195488721804,57,late
1566,3894817,0.5542244777846843,0.35106487375501716,0.40131578947368424,29,regular
1568,3894818,0.08744411069331247,-0.32833836467412997,0.1867816091954023,76,strategic
1569,3894818,-0.03005634787806303,-0.11549804427964352,0.05555555555555555,74,strategic
1570,3894818,0.4775626388301884,0.19014321536789472,0.11409395973154363,71,regular
1572,3894818,-0.1792799182179103,-0.2058533417318662,0.11940298507462686,32,strategic
1573,3894818,0.6850776485635831,0.0031253612911211212,0.1875,20,strategic
1574,3894818,0.16724637856193733,0.1292879309712651,0.09574468085106383,17,regular
1578,3894819,0.16212468423077936,-0.16354152114000836,0.05844155844155844,22,strategic
1579,3894819,0.10462282036686109,-0.3378206739426887,0.1875,63,regular
1580,3894819,0.3363789309600053,0.27034750776875044,0.020491803278688523,33,late
1581,3894820,0.4126437013746576,-0.10622742959547754,0.124,58,strategic
1582,3894820,0.8191822062001883,0.6534172855570024,0.3047945205479452,64,regular
1584,3894820,0.5779608257200072,0.18995768344474825,0.20833333333333334,65,regular
1585,3894820,0.08551230091285257,-0.022610308103609356,0.055944055944055944,71,regular
1586,3894820,0.28004893924946134,-0.24746301855580954,0.19339622641509435,41,late
1587,3894821,0.12938569459931984,-0.34153498791427245,0.26704545454545453,44,strategic
1588,3894821,0.373015498563977,0.1565031912825411,0.14761904761904762,43,regular
1589,3894821,0.28721270783058844,0.22241397979829394,0.028481012658227847,62,regular
1592,3894822,-0.2917438454116953,-0.4081740073010069,0.10256410256410256,51,strategic
1593,3894822,0.5811653851238069,0.07795456686828443,0.2532467532467532,37,regular
1595,3894822,0.21999013057541264,0.29668548285601626,0.1484375,25,strategic
1596,3894822,0.3578581513285813,0.13470215018912926,0.14864864864864866,27,regular
1598,3894823,0.6299925014856772,0.6047621333162909,0.2549019607843137,25,regular
1599,3894823,0.6465417945219042,0.382803537023977,0.18125,33,late
1600,3894823,0.41206127677467463,-0.05956763734818096,0.06763285024154589,90,strategic
1601,3894823,0.1689475776735587,-0.05025428882268446,0.06331877729257641,112,regular
1603,3894824,0.1309680661006372,-0.29497822148878516,0.15254237288135594,52,strategic
1604,3894824,0.44463970745267434,0.18444039633772435,0.05844155844155844,34,regular
1605,3894824,0.18352539926773584,-0.25119562046525945,0.10795454545454546,42,late
1606,3894824,0.26561529393938044,0.2364763257317293,0.05952380952380952,40,strategic
1607,3894824,0.20862954233773792,0.1597866798859686,0.07692307692307693,43,regular
1609,3894825,0.5602354880008455,0.24334400101651865,0.1643835616438356,36,regular
1610,3894825,0.30432416674563,0.06941749855855098,0.19696969696969696,23,regular
1611,3894825,0.1863140785585197,-0.11080125185588836,0.1590909090909091,14,regular
1614,3894826,0.8189521082338667,0.07099693136393508,0.29245283018867924,18,late
1616,3894826,0.49207081024392396,0.4528323005216619,0.16,63,regular
1617,3894826,0.3116207167698914,0.016085233874236948,0.19767441860465115,51,regular
1618,3894826,0.1967246757598187,0.003778245680330174,0.06115107913669065,68,late
1619,3894827,0.6402216101858818,0.038379602084377046,0.15483870967741936,65,strategic
1620,3894827,0.3292891998540859,-0.0784749312060729,0.21610169491525424,59,regular
1621,3894827,0.21246355033832479,0.12378237474570462,0.025925925925925925,47,late
1623,3894827,0.09879705944808329,-0.1408626827831327,0.12272727272727273,44,strategic
1624,3894827,0.4492498242968766,0.1355197146807818,0.07142857142857142,30,regular
1625,3894827,0.4055425280059061,0.2636914982774026,0.10416666666666667,18,late
1626,3894828,0.2532012442765999,-0.06627867882255613,0.14682539682539683,60,regular
1628,3894828,0.29407549556269263,0.15113258877228478,0.041176470588235294,40,strategic
1629,3894828,0.4359133975606818,0.02904721198478152,0.24489795918367346,42,regular
1631,3894829,0.36719347674631264,0.13491370752764714,0.2730496453900709,54,strategic
1634,3894829,0.20878542011373927,-0.24614920401934004,0.2682926829268293,39,regular
1636,3894830,0.5050051977781997,0.3014477015971744,0.15625,66,strategic
1637,3894830,0.31466842312386545,0.014904578537970083,0.18067226890756302,41,regular
1638,3894830,0.3723179137854319,0.1286202698647039,0.124,43,late
1639,3894830,0.26081655070688925,0.023816510836484766,0.061855670103092786,27,strategic
1640,3894830,0.17335914827902188,-0.04816384164600874,0.1875,30,regular
1641,3894831,0.43291004882525264,0.24890052236763624,0.07530120481927711,82,strategic
1642,3894831,0.5014866947362776,0.24703874334088993,0.2094240837696335,82,regular
1644,3894831,0.30807035814652284,-0.06236134786037696,0.10215053763440861,42,strategic
1645,3894831,0.41202341705850387,0.230579309552888,0.16233766233766234,25,regular
1646,3894831,0.2800155269837934,0.08148556381842789,0.08181818181818182,20,regular
1647,3894832,0.050107982453071485,-0.08282287857239891,0.21212121212121213,62,regular
1650,3894832,0.7466101735388144,0.34948834587509164,0.28640776699029125,47,strategic
1651,3894832,-0.06832648315574479,-0.17223253037381592,0.045454545454545456,57,late
1653,3894833,0.18372921101843082,0.0,0.25925925925925924,10,regular
1655,3894833,0.37498366927934634,0.08698517919823043,0.12568306010928962,76,strategic
1656,3894833,-0.0074793892321545295,-0.043801589066295166,0.19424460431654678,44,regular
1657,3894834,0.4040948547214509,0.2591864816241041,0.10135135135135136,61,late
1660,3894834,-0.3636054362064131,-0.40336491182855416,0.13953488372093023,16,regular
1661,3894834,0.06309379555176009,-0.14745664300507508,0.12195121951219512,14,late
1662,3894835,0.24200029800153608,-0.030188632485663423,0.11842105263157894,16,regular
1663,3894835,0.4008918628686366,0.13473650695918746,0.04411764705882353,33,late
1665,3894835,0.27587493289457643,0.03205653323926729,0.10416666666666667,14,strategic
1666,3894835,0.4011221527218921,0.26973053849508527,0.03260869565217391,45,regular
1667,3894835,0.40316314702657174,0.3852360785716632,0.14285714285714285,34,regular
1668,3894836,0.20922141644325964,0.2982578095398027,0.1320754716981132,12,strategic
1669,3894836,0.6253203013766819,0.048643102632251585,0.10843373493975904,26,regular
1672,3894836,0.07487582227082094,-0.08884010093796167,0.0989010989010989,43,regular
1673,3894836,0.6303132735431336,0.3518781119362433,0.27,35,regular
1675,3894837,0.38958185136524964,0.09985924249984074,0.15384615384615385,36,strategic
1676,3894837,0.22558099482260827,0.011826351503690035,0.13541666666666666,62,regular
1677,3894837,0.5795949542774362,0.49211874927413,0.07971014492753623,24,regular
1678,3894837,0.29871065600972085,0.09335563899799008,0.0847457627118644,20,regular
1680,3894838,0.536763414008072,0.19173526104722735,0.11878453038674033,76,regular
1681,3894838,-0.09926787148166286,-0.22853945224646383,0.18072289156626506,72,regular
1682,3894838,0.43993541357149646,0.18105576095849957,0.18951612903225806,41,late
1683,3894838,0.015922355898271234,-0.3547586764228833,0.171875,48,strategic
1684,3894838,0.31157273039606204,-0.043005141331402354,0.09375,42,regular
1686,3894839,0.6079203851539635,0.3612874019935742,0.24,11,regular
1687,3894839,0.3701599109915584,-0.09901475429766743,0.1590909090909091,11,late
1689,3894839,0.4370247990257523,0.31921510610846077,0.07936507936507936,41,strategic
1690,3894839,0.02598834734383765,-0.16197977945000386,0.07092198581560284,69,strategic
1691,3894839,0.5746575913640286,0.1746374317764046,0.13855421686746988,69,regular
1692,3894839,-0.045016156089578374,-0.4128940632911258,0.14960629921259844,57,late
1693,3894840,-0.014783078416846122,-0.12630000183174386,0.14112903225806453,45,strategic
1694,3894840,0.08173381725848508,-0.19621433712906683,0.13855421686746988,36,regular
1695,3894840,0.3409179077003109,0.3129779625752302,0.19827586206896552,22,regular
1697,3894841,0.2652496903683311,0.024681931862764718,0.18043478260869567,104,regular
1698,3894841,0.0821052973935259,-0.2792839039874544,0.2025089605734767,126,late
1700,3894841,0.013748995530419778,-0.14336762776716214,0.1130952380952381,35,regular
1701,3894841,0.502878956825938,-0.0873949098824375,0.23809523809523808,39,late
1703,3894842,0.2512874251436937,-0.09059844038467127,0.11409395973154363,69,strategic
1704,3894842,0.1662153505384994,-0.12856011504637718,0.20186335403726707,71,regular
1705,3894842,0.25329257349317075,0.1208692926154817,0.037162162162162164,65,late
1706,3894842,0.3276341510186095,-0.06321962821541917,0.0673076923076923,25,strategic
1707,3894842,0.3321121990729538,0.07219181726497681,0.07272727272727272,26,regular
1708,3894842,0.15291982860930906,-0.17396013163078536,0.0975609756097561,17,late
1710,3894843,0.05633835409974007,-0.01933895440449539,0.03773584905660377,53,strategic
1711,3894843,0.11222552945754723,-0.05647356667647261,0.12078651685393259,57,regular
1712,3894843,0.5414739211899704,0.2869957695376642,0.20786516853932585,43,regular
1713,3894843,-0.2044299062166942,-0.4380490008184803,0.06796116504854369,51,regular
1715,3894844,0.6197377781454954,0.37392878363301824,0.08898305084745763,54,strategic
1716,3894844,0.04642846919628672,-0.011062471465234284,0.04195804195804196,54,strategic
1717,3894844,0.6314952012459197,0.19160992170656574,0.22348484848484848,43,regular
1719,3894844,0.6707215900523692,0.35762372092291506,0.27358490566037735,19,regular
1721,3894845,0.43403326740412207,0.13571446556016378,0.10687022900763359,59,strategic
1725,3894845,0.23523357371321443,-0.0702855876449477,0.06074766355140187,50,strategic
1726,3894845,0.3274780449009882,-0.28610910443385745,0.3076923076923077,47,regular
1728,3894846,0.1908491422633561,-0.18618037217664707,0.13425925925925927,50,regular
1730,3894846,0.3669221009616843,0.09721051641605999,0.2412280701754386,55,strategic
1731,3894846,0.7459219002629383,0.22922107121099417,0.12393162393162394,42,regular
1733,3894847,0.10401731518180599,0.042214536659032874,0.04700854700854701,35,strategic
1734,3894847,0.22083848164198594,0.08487427264998768,0.06716417910447761,33,regular
1735,3894847,0.3982672293247122,0.10681947531123644,0.22535211267605634,28,regular
1737,3894847,-0.09219471720130346,-0.2999630002387406,0.1271186440677966,25,strategic
1738,3894847,0.1690308509457033,0.08251871618851556,0.045454545454545456,15,regular
1740,3894848,0.24109574455740707,0.04484057563778064,0.19791666666666666,42,strategic
1741,3894848,0.19423577552709415,-0.23093234538007898,0.20833333333333334,35,regular
1742,3894848,0.6468304552281239,0.5559616180929086,0.024752475247524754,46,late
1743,3894848,0.3365949556549326,0.02888801947819292,0.17768595041322313,46,regular
1744,3894848,0.533193534127714,0.30576019456394343,0.125,35,regular
1746,3894849,0.11488254713972966,-0.06083448537449193,0.09782608695652174,45,regular
1747,3894849,-0.09645115075647107,-0.28880237863244634,0.10666666666666667,30,late
1749,3894849,0.657125616779661,-0.020321525706783753,0.28104575163398693,72,regular
1751,3894850,0.590295129992348,0.33780322483850006,0.2740740740740741,66,regular
1752,3894850,0.25007996764596957,-0.010999395794095954,0.13505747126436782,66,late
1753,3894850,0.13591758140276125,-0.009266337457350518,0.06613756613756613,65,late
1754,3894850,-0.14925458781648884,-0.33423207556301,0.1792452830188679,11,regular
1755,3894850,0.30924543519017794,0.07099868472432123,0.08695652173913043,26,late
1757,3894851,0.3951005216590105,-0.09708268109460794,0.19014084507042253,33,regular
1759,3894851,0.1519141448480734,-0.008707511683828653,0.07272727272727272,46,regular
1761,3894852,0.011957122028429766,-0.09704351023919909,0.07851239669421488,58,regular
1762,3894852,0.36241134296046124,0.09000754253448687,0.15354330708661418,58,regular
1764,3894852,0.13219711798534042,0.006421122070409513,0.14948453608247422,32,regular
1765,3894852,0.2891464060887351,0.16703341709736713,0.17708333333333334,37,regular
1767,3894853,-0.44390846038801857,-0.503654421852629,0.040983606557377046,15,strategic
1768,3894853,0.30878112903914684,0.021083605296728838,0.1125,33,strategic
1771,3894853,0.22324236121728513,-0.16037349465861633,0.15432098765432098,33,strategic
1772,3894853,0.15357678912922224,-0.12269733244536758,0.14563106796116504,41,regular
1773,3894853,0.24275390877844683,-0.2052770528437615,0.12,51,regular
1775,3894854,0.41130187908247934,0.23879801357617056,0.22580645161290322,14,regular
1777,3894854,0.40118440232929803,0.23861102289959252,0.2357142857142857,68,strategic
1778,3894854,0.13788037153024785,-0.23528512235797,0.06,80,regular
1779,3894854,0.5337599700310994,0.28335851568403864,0.07239819004524888,109,regular
1780,3894854,0.2607677604106185,0.10233481794751366,0.09090909090909091,106,late
1782,3894855,0.07198119645295255,-0.03808254257632335,0.0913978494623656,40,regular
1784,3894856,0.6990630814435498,0.530655390998454,0.2246376811594203,43,strategic
1785,3894856,-0.11438464401852863,-0.3997549818476439,0.04326923076923077,26,regular
1786,3894856,0.32292561883668974,0.08859936733533014,0.06451612903225806,28,late
1788,3894856,-0.05195060952886686,-0.19756034335380954,0.1357142857142857,29,strategic
1789,3894856,0.7111155907112124,0.16781261383421459,0.20555555555555555,26,regular
1791,3894857,0.12595514590125567,-0.1660016661270466,0.1801470588235294,63,strategic
1792,3894857,0.6314404938054937,-0.025066256344786996,0.21103896103896103,71,regular
1794,3894857,0.3089977047411426,-0.1578742552453197,0.1728395061728395,28,late
1798,3894858,0.46795991479584664,-0.16989588452523,0.18181818181818182,61,strategic
1799,3894858,0.470926895060372,0.2832569348484375,0.16887417218543047,56,regular
1800,3894858,0.05011964944680389,-0.08660555156250536,0.06206896551724138,69,late
1801,3894859,0.12004199515971734,-0.417990820636009,0.1853932584269663,23,strategic
1802,3894859,0.06477404480552935,-0.061960199637076205,0.0641025641025641,15,late
1805,3894859,0.2988011827226508,0.16777660063601013,0.10305343511450382,61,regular
1806,3894859,0.15766054238317936,-0.2896519649022878,0.21739130434782608,68,regular
1811,3894860,0.13512092478593826,-0.09794086150608239,0.06028368794326241,44,strategic
1812,3894860,0.1065230374790268,-0.3454715624590497,0.09027777777777778,47,regular
1814,3894861,0.6652434234123911,0.0830521259208181,0.1956521739130435,75,strategic
1815,3894861,0.20682203506562002,-0.08328164783844544,0.11858974358974358,66,regular
1817,3894861,0.27119370994309355,0.1089911480872839,0.15555555555555556,11,regular
1820,3894862,0.42615147087496147,-0.3233856269488464,0.28535353535353536,76,strategic
1822,3894862,0.19561401302095832,-0.16788175048303972,0.12595419847328243,39,strategic
1823,3894862,0.39452888549499404,-0.03760070117016118,0.1834319526627219,76,strategic
1824,3894862,0.40777919448713806,0.13898785594509694,0.06666666666666667,32,regular
1825,3894862,0.027480624949898474,-0.04105847777641657,0.1130952380952381,37,late
1826,3894863,0.34068308896284116,-0.27990294176354596,0.20833333333333334,21,regular
1828,3894863,-0.2789161013568153,-0.47375654460932104,0.05660377358490566,39,strategic
1829,3894863,0.1187006771447145,-0.3939298565825107,0.1095890410958904,29,regular
1830,3894863,0.578948811296521,0.3349286000483712,0.2246376811594203,22,regular
1831,3894864,0.4181407208529036,0.11550686470410014,0.1987179487179487,17,regular
1833,3894864,0.36918398809830416,-0.1253268058203942,0.14705882352941177,61,regular
1834,3894864,0.45085107194772156,0.1771338742518986,0.21505376344086022,42,late
1836,3894865,0.1405059604485254,-0.005917607651797461,0.20754716981132076,73,regular
1838,3894865,0.48650236304523164,0.20050253338000967,0.21621621621621623,42,regular
1840,3894866,0.39235070452909193,0.028022601574052876,0.27472527472527475,36,strategic
1841,3894866,-0.42129489013373395,-0.7483586983216483,0.108,38,regular
1842,3894866,0.3119686260903215,-0.03757192166108747,0.17105263157894737,58,regular
1843,3894866,0.056537482497396485,-0.1492769968874368,0.12058823529411765,81,regular
1844,3894866,0.4405271674650121,0.33566849568086954,0.178125,73,late
1846,3894867,0.4299344208014188,0.2371245005217661,0.09689922480620156,38,regular
1849,3894867,0.09392959641107987,0.06699560036460024,0.027777777777777776,25,regular
1850,3894867,0.48362663127850786,0.39363689229398857,0.2835820895522388,25,late
1852,3894868,0.190285039040297,-0.1899851608036747,0.11155378486055777,122,regular
1853,3894868,0.312836694211521,-0.12912747380035527,0.1134453781512605,108,regular
1855,3894868,0.4518569348410048,0.18722686562628316,0.16666666666666666,22,regular
1856,3894868,0.3827066112305742,0.004052879154609275,0.1111111111111111,23,regular
1858,3894869,0.11430616740206598,-0.2971555788599465,0.18421052631578946,56,strategic
1859,3894869,0.37895431837684745,0.29237378280591786,0.13358778625954199,50,strategic
1860,3894869,-0.2027721406678977,-0.3151574164193594,0.09259259259259259,51,late
1861,3894869,0.4712955021184954,0.018335370709939423,0.2125,19,regular
1862,3894869,0.6186788034774058,0.27208650220355785,0.1375,16,regular
1863,3894869,0.3501431935261575,0.4895973383231878,0.16279069767441862,20,late
1864,3894870,0.16818634341863403,0.03529014875957996,0.05905511811023622,53,strategic
1865,3894870,0.6333325596556655,0.4698540698884615,0.28695652173913044,32,regular
1866,3894870,0.14642158811863656,0.0011942832863799074,0.06551724137931035,36,late
1867,3894870,0.5368382860139186,-0.08234897310994514,0.17647058823529413,28,regular
1868,3894870,0.30797507124145407,0.011862111802432915,0.24193548387096775,30,regular
1869,3894871,-0.23935228220403898,-0.5454157157596922,0.045454545454545456,42,regular
1872,3894871,0.38818117977027516,0.336501542133342,0.05325443786982249,71,strategic
1873,3894871,0.10132226177760542,-0.34668032258715975,0.13666666666666666,70,strategic
1874,3894871,0.273819470388234,0.0992527836927895,0.07621951219512195,77,regular
1875,3894871,-0.13660382201752244,-0.34615550504104176,0.14788732394366197,64,regular
1876,3894872,0.42901205266257914,-0.12033395426621718,0.2903225806451613,35,regular
1877,3894872,0.23182841727153528,-0.0799193834304917,0.20238095238095238,28,late
1878,3894872,0.3723111837755511,0.26678123876953963,0.14583333333333334,53,regular
1879,3894872,-0.0147407523755519,-0.23645300726348434,0.06565656565656566,43,regular
1881,3894873,0.46315004252248576,0.04837237994229373,0.3075,90,regular
1882,3894873,0.042892552206011715,-0.017518251310633365,0.10204081632653061,30,strategic
1883,3894873,0.254813886216563,-0.3926077464576266,0.24206349206349206,56,strategic
1884,3894873,0.08126632071477556,-0.2856685990443486,0.12037037037037036,53,regular
1886,3894874,0.43723195506660145,-0.2394313004530041,0.19680851063829788,36,regular
1887,3894874,0.12542291991084564,-0.17052757850406058,0.09813084112149532,40,regular
1888,3894874,0.3431383189961827,0.17839734510070676,0.09411764705882353,24,late
1889,3894874,0.27252801336481064,0.056584341360822445,0.025,59,strategic
1890,3894874,0.2860264233147682,-0.15531170510415765,0.18636363636363637,29,regular
1891,3894874,0.058387420812114205,-0.07708053319006643,0.07936507936507936,25,late
1892,3894875,0.4227137217623825,0.30418540975527397,0.20512820512820512,42,strategic
1893,3894875,0.22257828199306398,0.03367824194719821,0.09813084112149532,42,regular
1895,3894875,-0.09894676645108386,-0.1649572197684645,0.051470588235294115,60,regular
1896,3894875,0.4090687364591303,0.24762436487558337,0.21212121212121213,55,late
1898,3894876,0.05612260035350579,-0.1088691572485232,0.05113636363636364,37,strategic
1899,3894876,0.49749309515185847,0.28613719420597084,0.28225806451612906,31,regular
1901,3894876,0.5512760819666399,0.4532515524947417,0.15789473684210525,14,strategic
1902,3894876,0.3811884003847824,-0.06927092617094767,0.15384615384615385,19,regular
1904,3894877,0.7304290280560617,-0.013552620584923663,0.2903225806451613,22,regular
1905,3894877,0.4905562154127356,0.18860259489260478,0.16319444444444445,64,strategic
1906,3894877,0.5611712469569139,0.4530951445172463,0.09219858156028368,62,regular
1907,3894877,0.15306799915199207,-0.1019153487876133,0.171875,32,late
1908,3894878,0.1243926123005565,0.028951923709955227,0.06818181818181818,47,strategic
1909,3894878,0.513735329496068,0.1000607671564769,0.18791946308724833,67,regular
1910,3894878,0.41201443119442827,-0.07542583428414001,0.14606741573033707,82,late
1911,3894878,-0.17437276967000348,-0.27160988535869124,0.1702127659574468,13,regular
1914,3894879,0.435191218807815,0.3135704508193809,0.16908212560386474,88,regular
1915,3894879,0.5499416903676089,0.38794591993536964,0.11363636363636363,75,regular
1917,3894879,0.5945255117267878,0.3905342103857952,0.17857142857142858,16,strategic
1918,3894879,0.6392363798600936,0.4314787628718058,0.16111111111111112,42,regular
1920,3894880,0.08407405743511766,-0.10486378417044369,0.1507177033492823,92,regular
1922,3894880,0.5389186983072534,0.21289311622003143,0.14457831325301204,33,regular
1923,3894880,0.40781540976898883,-0.11467681184002389,0.2222222222222222,49,late
1925,3894881,0.025164830212356066,-0.11212871899573452,0.07633587786259542,55,strategic
1926,3894881,0.07273080340130159,-0.016943972431596187,0.12244897959183673,49,regular
1928,3894881,0.40076634508887554,0.003108397565848734,0.15765765765765766,33,strategic
1929,3894881,0.42693282522491083,0.24639174881928086,0.10714285714285714,47,regular
1931,3894882,0.2781845632695765,-0.031483817289223524,0.3021978021978022,60,strategic
1932,3894882,0.5733810137066998,0.47744423749709003,0.07926829268292683,24,regular
1933,3894882,0.16569000652832608,-0.263213666091912,0.19718309859154928,17,regular
1934,3894882,0.2696347900914758,-0.10900266195715863,0.1782178217821782,39,regular
1935,3894883,0.4017949687838815,0.04094916573850335,0.07876712328767123,48,strategic
1936,3894883,0.48321640209485367,0.3271368489083944,0.05454545454545454,49,regular
1937,3894883,0.2232606045225471,0.10660873510208439,0.0942622950819672,43,regular
1939,3894883,-0.013030639131555583,-0.04079098274069224,0.22268907563025211,49,strategic
1940,3894883,0.10412358543814626,-0.15931868771829621,0.0990990990990991,33,strategic
1941,3894883,-0.12946875206045075,-0.3324066751421692,0.059322033898305086,28,regular
1942,3894884,0.28861974395984885,-0.4406397894090283,0.3622448979591837,41,strategic
1943,3894884,-0.42801950119682053,-0.5940810976366909,0.09174311926605505,51,regular
1945,3894884,0.2016248129539662,-0.11307697483159747,0.09065934065934066,83,regular
1946,3894884,0.2641009125432251,0.2008994340793471,0.29591836734693877,90,regular
1948,3894885,0.3685959468382182,-0.015409803305063812,0.23394495412844038,51,regular
1950,3894885,0.23541521075190874,0.10318271813856214,0.06914893617021277,31,strategic
1951,3894885,0.5399196869454004,0.17082520283390862,0.21551724137931033,29,regular
1952,3894886,0.5339234260758686,0.2104541750331801,0.23711340206185566,46,late
1954,3894886,0.32539306295069664,0.18920778107315006,0.19852941176470587,28,strategic
1955,3894886,0.5984205176835637,0.2779221993693087,0.24025974025974026,37,late
1957,3894887,0.4491874627991123,0.2152356471251758,0.15306122448979592,40,regular
1958,3894887,0.7303526744389744,0.263327679578363,0.22380952380952382,48,regular
1960,3894887,0.36654366322201654,0.29030308933027904,0.05855855855855856,43,strategic
1961,3894887,0.5464596194873571,0.08226214579248674,0.22784810126582278,29,regular
1966,3894888,0.088788877182462,-0.29385999609730534,0.152,54,strategic
1967,3894888,0.38408309983311567,-0.047325378951994936,0.08680555555555555,71,strategic
1968,3894888,0.5951901376777482,0.3003137964168545,0.14705882352941177,41,regular
1969,3894889,0.14191835006800058,-0.09304931617946953,0.05384615384615385,25,regular
1970,3894889,0.05130187637767589,-0.007103879423696442,0.07142857142857142,22,regular
1972,3894889,0.2635480473186935,-0.23072543769883436,0.15979381443298968,43,strategic
1973,3894889,-0.20492100017242912,-0.19397004436111456,0.05063291139240506,28,regular
1975,3894890,0.31475339180543405,-0.3006936103357343,0.23255813953488372,79,strategic
1976,3894890,0.0385344962266029,-0.006938654325025806,0.0748663101604278,83,regular
1977,3894890,0.590815059790422,0.30122125780056136,0.15,59,late
1978,3894890,0.374531173427465,0.12465424693323304,0.32679738562091504,68,strategic
1979,3894890,0.23704072974316873,0.13144614130510884,0.11578947368421053,39,regular
1980,3894891,-0.1939017180903355,-0.27085285892432337,0.1822429906542056,46,strategic
1981,3894891,0.39813356169837216,0.04807241478255595,0.12980769230769232,43,strategic
1982,3894891,0.40699542078059414,-0.03465157102072418,0.18072289156626506,72,regular
1983,3894891,0.5434563499181744,0.30642740694181037,0.10236220472440945,54,regular
1985,3894892,0.5624352334808743,0.29223025469758784,0.14028776978417265,68,strategic
1986,3894892,0.16633652523606463,0.07496788449984446,0.03787878787878788,47,regular
1988,3894892,0.20186819325606345,0.007720788841568932,0.08461538461538462,31,strategic
1989,3894892,-0.2994372561816294,-0.4314825269531763,0.06956521739130435,31,regular
1991,3894893,0.24295097038622654,-0.21249924556614785,0.13725490196078433,49,strategic
1992,3894893,-0.009599461008618013,-0.17319086025995079,0.18951612903225806,59,regular
1994,3894893,0.32933005384573805,0.17242583911169299,0.11734693877551021,46,strategic
1995,3894893,0.46030157895883034,0.231592621496063,0.16037735849056603,45,regular
1996,3894893,0.5893084688737431,-0.29942286914105143,0.115,41,regular
1997,3894893,0.15155365106121468,-0.08094271340816839,0.08796296296296297,48,regular
1998,3894894,-0.0076534596865328475,-0.24946422724929623,0.10294117647058823,14,regular
2000,3894894,0.22811359011061116,-0.018487636482952513,0.11538461538461539,15,strategic
2001,3894894,0.15984484513806768,-0.29500846284382093,0.12745098039215685,25,regular
2002,3894895,0.3404453816437816,-0.11379481553341216,0.18292682926829268,20,regular
2005,3894895,0.6417977557406264,0.3761583796606344,0.2533632286995516,97,strategic
2006,3894895,0.4571715940412182,0.10619308074505629,0.1608187134502924,51,strategic
2007,3894896,-0.07621460721804542,-0.1145523949021439,0.08503401360544217,52,strategic
2008,3894896,0.35514727946314356,-0.11131814077525105,0.3407821229050279,86,regular
2009,3894896,-0.10447385602545468,-0.2574791057930696,0.03648068669527897,80,late
2010,3894896,0.36086411250915823,-0.02320795110736759,0.2441860465116279,14,regular
2011,3894896,0.5286433577312595,0.23744296461094277,0.10526315789473684,28,regular
2013,3894897,0.2926298659928326,-0.04876726617535729,0.07307692307692308,55,strategic
2014,3894897,-0.20187979556561086,-0.34101424900688637,0.06967213114754098,57,strategic
2015,3894897,0.4795926924502499,-0.08901840535034762,0.21691176470588236,55,strategic
2016,3894897,0.1014962940246463,-0.1688972111420373,0.10902255639097744,61,regular
2017,3894897,0.31641505547898663,0.13300397918683546,0.09523809523809523,40,regular
2019,3894898,0.09437816606129551,-0.1133166839416808,0.09433962264150944,14,strategic
2022,3894898,0.2995280311605738,0.2677379724409574,0.08518518518518518,65,regular
2023,3894898,0.2920862179178588,-0.29611674215188155,0.265625,47,regular
2025,3894899,0.741285639458591,0.16667219776437728,0.2631578947368421,38,strategic
2026,3894899,0.35412275937980675,0.06872061054318716,0.13829787234042554,40,regular
2027,3894899,0.15090265047116447,-0.027397509795051737,0.1532258064516129,48,regular
2028,3894899,0.46068723106514464,0.31496837202094646,0.18359375,43,late
2029,3894900,0.5813647266175206,0.23747669945754193,0.28346456692913385,48,strategic
2030,3894900,0.30680070583927266,-0.1035279694851646,0.06914893617021277,35,regular
2032,3894900,0.6879192183361661,0.26579097700888055,0.19230769230769232,61,regular
2033,3894900,0.021388840977456334,-0.23289028384394647,0.09271523178807947,65,regular
2035,3894901,0.528077199458812,-0.009707095261579674,0.2727272727272727,50,regular
2036,3894901,0.3790771178593555,0.04428102151095291,0.06701030927835051,44,late
2037,3894901,0.29397145995945656,-0.22811140328534718,0.24074074074074073,33,regular
2038,3894901,0.5187396299105846,0.2740692836819729,0.1724137931034483,33,regular
2039,3894902,0.6717640681112708,0.5482840174295927,0.29411764705882354,15,regular
2040,3894902,0.31983709701170615,0.018372598916430182,0.1951219512195122,16,regular
2041,3894902,0.54639821771511,0.3171243454017551,0.203125,48,strategic
2043,3894903,0.1233889428575642,-0.14220461731076045,0.2939189189189189,71,strategic
2044,3894903,0.17278536738956463,0.03971232394887692,0.03254437869822485,72,strategic
2045,3894903,0.18467677980483815,-0.2524055660365183,0.10344827586206896,77,regular
2046,3894903,0.5578243564603146,-0.0724024655204884,0.21875,20,strategic
2047,3894903,-0.27856717212192883,-0.35721430963605244,0.07142857142857142,17,strategic
2048,3894903,0.4854622198266111,-0.030320772570776918,0.10483870967741936,26,regular
2049,3894904,0.3849261012821498,0.28724308706266904,0.0846774193548387,58,regular
2051,3894904,0.6907122349849669,0.19072365172417927,0.3114754098360656,44,regular
2054,3894905,0.4507584722836724,-0.2379676690492443,0.3055555555555556,10,regular
2056,3894905,-0.38653545701098935,-0.6253880792152989,0.08518518518518518,55,strategic
2057,3894905,0.31120705912557406,0.02505979059870655,0.18181818181818182,62,late
2058,3894906,0.5380084415840349,0.13853340757340452,0.12777777777777777,28,regular
2060,3894906,0.3780195399433963,0.17677669529663695,0.04716981132075472,52,regular
2061,3894906,0.5775816678381254,0.1966873908727058,0.2582781456953642,58,regular
2063,3894907,0.5239103371843128,-0.17937427474228318,0.14285714285714285,34,strategic
2064,3894907,0.7259153571701915,0.45966363776378383,0.3273809523809524,26,late
2066,3894907,0.11275627175367621,-0.14137381037915855,0.14244186046511628,73,strategic
2067,3894907,0.23867370731601512,0.05689810749076619,0.15128205128205127,84,regular
2068,3894907,0.1577360610575735,-0.0917426512446627,0.07232704402515723,35,regular
2070,3894908,-0.21172149827433354,-0.2340858073137956,0.10738255033557047,71,regular
2073,3894908,0.3301045375252287,-0.003412074078449861,0.0787037037037037,31,strategic
2074,3894908,0.23337060827885303,-0.1980579258465918,0.26851851851851855,18,regular
